City,State,Zip,Aspergillus flavus/oryzae,Aspergillus fumigatus,Aspergillus niger,Aspergillus ochraceus,Aspergillus penicillioides,Aspergillus restrictus*,Aspergillus sclerotiorum,Aspergillus sydowii,Aspergillus unguis,Aspergillus versicolor,Aureobasidium pullulans,Chaetomium globosum,Cladosporium sphaerospermum,Eurotium (Asp.) amstelodami*,Paecilomyces variotii,Penicillium brevicompactum,Penicillium corylophilum,Penicillium crustosum*,Penicillium purpurogenum,Penicillium spinulosum*,Penicillium variabile,Scopulariopsis brevicaulis/fusca,Scopulariopsis chartarum,Stachybotrys chartarum,Trichoderma viride*,Wallemia sebi,Acremonium strictum,Alternaria alternata,Aspergillus ustus,Cladosporium cladosporioides 1,Cladosporium cladosporioides 2,Cladosporium herbarum,Epicoccum nigrum,Mucor amphibiorum*,Penicillium chrysogenum,Rhizopus stolonifer,ERMI Score (Group I - Group II),Circulatory_loworreactivebloodpressure
Mountain Brook,Alabama,35223,0,0,14,0,0,11,0,0,0,0,1573,31,26949,192,8,24,292,0,0,0,12,0,2,0,26,176,9,19,15,0,0,0,372,10,29,6,9.2,1
Wasilla,Alaska,99623,0,0,12,0,5,0,0,0,0,0,1554,3,0,64,0,47,16,20,0,0,3,0,0,0,14,5,0,0,0,470,12,114,67,24,111,0,2.5,0
Soldotna,Alaska,99669-8654,0,3,3,234,0,6,0,5,0,279,1966,3,4,390,0,23,106,12,0,0,0,0,0,0,9,8,0,0,119,0,0,0,60,173,70,0,6.4,0
Soldotna,Alaska,99669,0,0,0,0,0,0,0,0,0,6,2231,0,0,42,0,17,0,37,0,5,0,0,0,0,0,0,0,0,0,0,0,0,435,4,49,0,0.1,0
Anchorage,Alaska,99508-4014,64,5,32,0,0,6,0,0,0,6,44,1,1,160,0,43,21,11,0,0,0,1,0,2,0,190,2,3,0,0,0,0,2,7,83,12,5.83,0
Sherwood Park,Alberta,T8A6P1,0,309,4,0,15,0,8,0,0,115,21,8,0,4,0,31,0,15,0,127,20,0,5,0,0,5,103,47,0,82,2,3002,50,3,3,0,5.6,0
Crossfield,Alberta,T0M0R0,0,1,11,0,0,3,0,0,0,30,69,9,0,500,0,1,0,47,0,0,8,2,6,190,0,33,5,94,0,0,0,0,140,10,310,7,0.46,1
Calgary,Alberta,T2W 4C1,0,17,396,0,0,0,0,0,0,0,1062,14,13,520,0,100,3,140,7,32,13,39,4,48,4,27,15,8,5,0,0,0,185,65,405,0,10.3,0
Scottsdale,Arizona,85251,5,3,83,9,428,0,3,35,12,95,2586,0,6270,244,23,347,5623,9,8,0,6,2,9,0,2,8,4,53,68,327,212,4,5,7,371,0,20.3,0
Tucson,Arizona,85701,92,21,4807,60,1848,3,7,12,68,22,6624,5,26,330,208,328,81,42,51,8,9,3,9,4,22,23,3,306,120,2118,42,26,13,91,16,5,26.3,0
Tucson,Arizona,85743,33,10,160,10,141,0,0,0,13,0,51391,0,0,345,8,15,0,0,0,0,0,2,3,5,55,6,12,85,10,1735,14,8,12,133,0,0,9.9,0
Lake Havasu City,Arizona,86406,21,9,1202,22,1173,0,4,54,0,0,1727,27,3,329,16,259,3,24,22,0,936,17,5,20,13,18,0,96,119,301,18,24,12,80,60,20,20.0,0
Mesa,Arizona,85213,0,0,30,0,9,0,0,0,0,0,1595,0,0,37,4,0,0,0,0,0,0,0,0,0,2,0,0,17,0,101,0,4,21,6,0,0,2.2,0
Queen Creek,Arizona,85142,132,30,1792,40,939,5,14,0,5,0,4058,0,4,751,254,30,20,0,5,0,2,3,6,8,28,11,5,176,44,2741,27,19,10,129,17,10,15.9,0
Phoenix,Arizona,85024,9,7,195,5,53,0,0,12,2,0,7003,10,29,126,62,8,7,0,0,0,8,6,2,5,40,3,0,52,10,249,3,14,8,13,13,3,14.2,0
Scottsdale,Arizona,85255,134,44,3129,58,0,6,13,0,18,0,7383,7,5,1652,26,126,36,0,30,0,2,7,13,13,10,12,2,263,124,0,0,0,17,227,55,46,16.8,1
Phoenix,Arizona,85044,4,0,102,0,0,0,0,0,0,0,1814,0,0,0,0,15,0,0,0,0,0,0,0,2,0,0,0,22,2,0,0,0,20,0,2,0,2.8,0
Sedona,Arizona,86351-6965,6,4,55,5,0,0,2,69,10,8162,6820,16,4,116,17,162,11,0,4,0,7,3,37,0,7,4,0,41,14,0,0,0,14,50,428,0,17.1,0
Mesa,Arizona,85204,22,20,190,8,0,5,6,32,11,33,11515,0,19,605,10,13,0,6,2,0,0,38,59,13,10,371,0,1473,13,0,0,0,183,27,6,8,15.5,0
Tucson,Arizona,85745-8930,6,16,96,4,0,0,0,0,3,0,21378,0,3,156,11,45,0,0,4,0,4,4,3,9,5,17,0,205,8,0,0,0,41,5,3,0,9.1,0
Phoenix,Arizona,85044-7048,4,3,127,7,0,0,4,0,0,0,2563,0,5,39,95,22,8,0,0,0,3,12,4,5,0,7,0,58,11,0,0,0,30,9,9,0,9.8,0
Flagstaff,Arizona,86001-2874,4,4,158,0,0,0,0,0,0,56,5384,81,4,159,2,222,41,783,0,0,3,11,3,26,85,3,3,23,8,0,0,0,23,33,190,0,14.5,0
Paradise valley,Arizona,85253,5,2,153,13,0,0,0,0,4,0,858,5,5,342,12,52,21,0,5,0,6,0,7,9,0,8,0,48,55,0,0,0,5,8,20,10,10.6,0
Phoenix,Arizona,85041,8,6,128,0,0,0,0,0,0,0,477,0,6,470,9,4,0,0,0,0,0,3,0,0,0,13,4,236,0,0,0,0,22,9,0,0,3.7,0
Unit A,Arizona,Az 85331,93,4,190,28,0,3,4,41,0,91,47009,0,4,729,39,54,3,111,32,0,15,148,8,3,24,121,6,46,13,0,0,0,14,90,13,61,22.7,0
Rogers,Arkansas,72758,11,8,69,0,539,7,3,0,0,0,1094,3,19,2955,18,12,0,0,0,0,203,4,9,0,16,64,22,111,0,4857,3,188,1324,17,33,0,9.5,0
Fayetteville,Arkansas,72703-2072,0,7,7,0,0,4,5,0,0,55,614,3,19,1541,5,39,0,0,0,0,3,3,5,0,16,15,10,29,0,0,0,0,144,14,9,0,9.3,0
Morrilton,Arkansas,72110,6,0,87,29,0,61,3,190,3,841,1168,34,592,6323,30,334,2529,63,0,2,226,14,46,0,261,129,13,45,3,0,0,0,733,45,272,0,28.7,0
Fayetteville,Arkansas,72701-6616,2,140,360,170,0,80,4,18,53,760,300,94,290,510,2,50,1,33,2,3300,16,0,9,7,5,290,21,210,5,0,0,0,500,25,150,0,24.19,0
Bella vista,Arkansas,72714,8,16,113,46,0,229,34,11,17,390,1978,1090,712,14,14,836,439,368,4,0,62,622,17,0,269,291,143,154,17,0,0,0,807,34,352,0,29.3,0
,British Columbia,V0C 1Y0,0,0,2,0,0,0,0,0,0,0,127,27,0,67,3,6,0,37,2,0,0,4,0,6,3,9,0,0,33,0,0,0,59,5,53,0,2.9,0
Montney,British Columbia,V0C 1Y0,0,0,44,0,0,0,0,0,0,155,292,0,0,921,0,22,0,8,3,0,2,7,15,0,7,16,4,5,0,0,0,0,105,3,25,0,7.1,0
Bowen Island,British Columbia,V0N 1G1,0,2,170,0,0,22,0,13,0,0,440,0,4,210,3,28,11,65,0,0,10,2,0,0,2,8,7,9,0,0,0,0,64,1,46,8,5.03,1
Whistler,British Columbia,V0N 1B8,0,7,7,0,0,17,2,0,0,32,424,3,21,223,1321,138,272,488,0,0,0,0,9,3,36,26,0,2,0,0,0,0,76,13,583,0,15.2,0
Huntington Beach,California,92646,1,22,240,72,110,3,2,22,1,45,63,66,9,55,4,33,14,16,0,1,4,1,32,1,1,66,75,4,3,660,260,180,37,4,330,10,9.96,0
los angeles,California,90066,1,3,100,8,11,1,0,2,0,19,1200,0,790,110,2,19,3,7,1,0,4,2,2,5,1,26,0,55,17,5100,130,230,20,10,41,46,3.52,0
San Diego,California,92119,0,14,48,6,61,0,2,0,0,178,1001,11,13,335,5,85,18,0,0,0,3,9,3,0,14,13,2,36,0,833,244,85,604,12,22,0,9.5,0
Carlsbad,California,92011,0,13,23,3,11,4,0,1,0,21,400,1,17,24,5,190,51,3,1,1,18,3,3,0,3,47,13,150,0,2200,550,240,58,59,48,7,2.85,0
Carlsbad,California,92011,0,7,73,3,67,1,0,7,0,6,140,3,11,49,6,38,3,19,1,0,1,0,0,1,0,25,0,73,5,280,72,72,29,1,45,17,4.46,0
Danville,California,94526,0,4,63,4,27,5,0,31,0,10,360,9,790,43,2,20,15,10,1,0,2,0,3,6,1,33,16,22,0,11000,520,2900,93,3,40,2,5.41,1
Malibu,California,90265,1,6,510,4,140,1,16,36,12,4900,970,17,23,400,4,160,22,490,1,1,18,13,570,200,4,72,1,140,9,1500,110,1200,8,33,5500,150,18.93,0
Valencia,California,91354,0,4,22,2,0,0,0,7,0,0,6300,2,1,20,1,18,33,0,0,0,0,2,10,1,0,1,160,240,0,2700,12,8,1,1,5,0,0.0,0
Santa Ysabel,California,92037,10,39,713,16,57,2,35,0,0,67,4624,2,7,286,11,157,164,14,18,5,25,11,11,19,119,25,2,49,9,4999,218,611,220,46,32,3,18.5,0
La Jolla,California,92037,3,29,161,7,432,25,11,10,0,106,2184,80,117,328,110,1213,36,11,7,3,37,9,9,7,75,111,13,57,5,4311,1012,235,135,27,268,22,20.2,0
Long Beach,California,90815,2,38,120,8,1528,71,65,0,0,522,24177,0,88,896,6,1444,970,0,10,9,5,3,6,4,224,19,6,130,0,3043,669,127,765,86,114,0,20.7,0
Cupertino,California,95014,6,16,300,14,110,13,0,7,1,110,1000,4,18,200,7,69,120,130,1,2,2,13,5,25,320,130,1,44,7,1000,160,1300,250,130,370,170,14.01,0
Davis,California,95618,0,0,8,0,3,0,0,0,0,0,7435,0,2,3,0,11,0,0,2,0,0,0,0,0,0,0,0,4,0,265,9,33,20,0,0,0,0.8,0
Los Angeles,California,91311,11,25,575,30,49,0,0,0,4,0,5368,4,10,447,13,679,27,0,9,2,9,15,18,10,69,47,5,46,21,2194,201,214,158,95,78,11,12.8,0
Porterville,California,93257,3,15,1110,10,185,0,6,0,0,75,6174,59,6,578,3,674,44,10,14,0,6,85,5,41,14,17,82,142,8,2855,276,632,965,46,257,26,11.9,0
San Jose,California,95123,2,13,260,11,230,3,0,180,1,530,1700,10,32,430,3,43,1100,39,2,2,14,25,22,47,5,1000,51,18,12,790,64,3600,170,74,370,18,17.4,0
Burlingame,California,94010,3,176,108,0,49,4,0,0,0,0,1931,0,12,83,4,286,205,22,4,0,0,0,3,5,51,11,12,6,0,2468,283,697,302,26,18,3,8.6,1
San Anselmo,California,94960,3,16,101,58,23,2,0,0,0,0,7680,0,46,169,4,446,20,0,3,24,0,0,2,2,63,3,9,9,2,2778,186,477,1471,18,5,13,7.6,1
Placentia,California,92870,17,371,3631,20,89,7,6,22,10,137,2789,6,57,431,35,311,91,13,20,3,12,18,16,11,86,29,3,68,210,3785,731,604,755,164,77,11,20.2,0
Menlo Park,California,94025,0,23,1914,4,186,4,25,0,0,0,4246,3,21,510,8,611,28,101,8,3,5,0,18,3,31,13,2,10,3,1769,204,123,124,15,10,4,16.9,0
San diego,California,92103,0,5,80,6,31,0,2,0,0,0,1579,3,29,156,4,475,26,0,0,4,0,7,3,3,9,48,0,21,4,900,250,22,116,58,21,0,8.3,0
Ukiah,California,95482,3,2,100,0,54,6,0,2,0,120,1700,21,1000,82,3,15,190,43,0,1,19,1,1,2,3,17,1,11,4,330,10,720,33,4,110,1,13.81,0
Palo Alto,California,94301,0,25,458,8,534,6,0,0,0,0,8584,2,14,347,13,1484,51,225,24,6,9,6,6,6,32,184,4,15,0,3277,355,829,452,192,22,49,15.2,1
San Jose,California,95136,0,27,3,0,6,25,0,0,0,0,31,0,8,3,0,29,0,0,0,540,10,0,145,0,17,5,0,9,0,432,17,19546,63,3,21,0,3.5,0
Pasadena,California,91107,1,46,2800,150,41,12,1,53,57,220,3300,6,49,430,2,240,71,240,5,1,21,8,29,7,14,73,0,200,110,5000,260,700,98,33,150,38,19.0,0
Lake Elsinore,California,92532,3,5,142,0,32,2,0,0,0,0,2019,0,5,906,3,36,7,0,8,0,0,4,4,13,8,5,0,59,0,688,79,262,105,6,5,7,6.2,0
Long Beach,California,90806,0,16,439,10,16,3,3,0,0,0,2422,2,14,123,5,183,11,28,19,0,25,2,11,0,22,28,11,59,3,1224,988,188,819,4,34,8,8.5,0
Greenbrae,California,94904,1,170,310,0,50,25,0,14,0,51,400,4,7,280,7,130,69,1900,1,8,11,2,2,4,530,43,19,270,1,1600,69,2700,200,48,880,6,12.87,1
Los Angeles,California,90041,0,8,182,4,1037,5,0,8,32,339,13383,0,24,1472,3,410,58,55,5,14,3,0,0,4,63,286,0,33,0,1443,493,96,107,52,97,7,18.9,0
Los Angeles,California,90049,0,5,72,0,8,0,0,0,0,0,135,0,2,18,0,58,0,0,0,7,0,0,0,0,2,3,0,0,2,214,28,17,7,0,9,0,3.6,0
Thousand Oaks,California,91360,2,23,3431,26,377,3,9,90,13,178,24221,97,42,1188,84,2402,1587,66,167,61,748,29,17,11,55,221,10,74,126,8336,1390,470,324,740,299,209,27.3,0
Colfax,California,95713,5,9,1691,0,2602,54,4,7,0,394,384895,4,18459,4009,29,2999,264,244,13,15,37,34,13,7,1518,55,11,68,29,6605,569,2539,313,142,137,8,28.1,0
Los Angeles,California,90068-2602,0,7,2700,2,99,0,0,0,0,7,850,20,39,36,10,16,10,8,0,0,27,2,2,2,1,37,11,110,23,850,100,570,36,8,62,38,4.85,1
Greenbrae,California,94904-1155,0,99,468,7,635,35,20,9,5,1737,13613,35,275,1034,42,3628,2102,208,47,19,26,6,33,48,362,128,27,29,19,8708,544,614,631,920,213,30,27.7,0
pasadena,California,91107,3,44,1300,38,0,12,1,0,1,84,2600,4,22,420,6,110,33,1500,2,1,22,3,9,5,4,120,6,290,12,0,0,0,73,85,41,270,12.34,0
pasadena,California,91107,1,23,270,4,0,1,0,7,0,13,1100,6,21,160,6,1300,350,45,1,2,7,0,3,46,8,16,0,54,8,0,0,0,9,9,61,6,13.3,0
Canyon Country,California,91387,2,41,463,5,0,0,0,7,10,0,7541,8,13,24,33,109,56,0,23,0,35,11,2,3,14,8,0,53,25,0,0,0,219,32,153,2,8.9,0
Sacramento,California,95826,6,77,898,5,0,0,2,0,0,0,1697,3,37,254,1080,306,41,50,8,0,33,8,8,12,59,21,9,34,14,0,0,0,146,119,40,9,13.3,0
San Diego,California,92108,4,59,246,25,0,0,0,70,8,59,5353,15,24,410,17,1548,45,12,11,5,5,15,10,9,348,89,3,194,7,0,0,0,403,10,91,12,19.7,0
SAN LUIS OBISPO,California,93401-7832,0,15,741,4,0,0,0,0,0,0,1305,7,66,125,16,189,9,0,14,0,4,5,12,4,32,20,5,10,4,0,0,0,485,56,145,5,6.7,0
La Quinta,California,92253,22,11,464,7,0,0,0,28,4,0,1279,3,11,92,6,38,0,6,3,0,0,3,5,5,0,5,0,24,102,0,0,0,94,6,47,6,8.2,0
Lathrop,California,95330-9473,2,21,900,69,0,28,5,37,1,7600,7200,2,15000,6500,4,420,73,120,2,5,3,4,49,53,340,770,11,730,21,0,0,0,130,300,16000,14,19.2,1
Northridge,California,91343,0,16,13,0,0,0,0,0,0,0,1407,0,7,47,414,109,3,0,0,0,0,0,0,5,38,8,3,24,0,0,0,0,187,18,19,0,3.7,0
Redding,California,96003-5434,6,5,272,0,0,0,0,0,0,195,4470,5,16,1159,4,236,24,68,61,5,0,16,23,9,63,57,7,33,5,0,0,0,295,45,246,3,15.3,1
Los Angeles,California,91791,3,23,400,7,0,2,0,16,2,0,340,0,35,97,16,43,18,29,1,0,3,3,1,4,1,100,0,150,7,0,0,0,17,5,17,11,8.15,0
Redwood City,California,94065-1173,3,22,171,2,0,0,0,0,0,62,623,0,8,103,8,68,9,7,4,0,0,0,2,5,35,7,8,3,2,0,0,0,14,30,24,0,9.3,0
Huntington Beach,California,92647-5029,7,57,564,48,0,6,138,58,0,241,6453,116,93,171,13,531,81,13,14,2,13,95,15,0,56,268,5,37,157,0,0,0,269,53,644,3,23.6,0
Pasadena,California,91107,1,79,320,11,0,10,3,76,1,100,11000,2,20,150,5,200,65,75,3,2,22,0,13,16,9,79,8,360,49,0,0,0,190,25,25,2,13.95,0
San Diego,California,92127,0,3,204,0,0,21,4,0,0,45,2885,2,3,649,3,216,13,2936,0,0,0,4,5,0,132,37,39,6,0,0,0,0,6293,95,28,0,8.5,0
Alhambra,California,91803,1,29,110,0,0,31,0,2,1,0,1300,3,33,27,1,53,72,42,3,8,1,5,2,11,1400,20,1,130,1,0,0,0,130,4,24,7,12.15,0
Irvine,California,92603-3536,0,0,0,0,0,0,0,0,11,33074,24054,11,0,41091,11,0,12027,0,0,0,307,31,49001100,0,0,21,0,0,0,0,0,0,0,21,19043,0,10.0,0
San Diego,California,92108,5,16,999,0,0,3,0,187,6,28,4252,3,8,4398,11,321,9,54,0,0,4,0,0,6,61,55,0,84,0,0,0,0,579,949,352,4,13.1,0
Napa,California,94558,0,10,10,0,0,0,0,0,0,0,15,0,20,0,0,0,0,0,1,0,0,1,5,1,0,1,0,0,0,0,0,0,1,1,0,1,4.979,0
Toluca Lake,California,91602-2405,3,30,1442,41,0,4,4,0,0,222,1282,11,23,2522,59,699,30,6278,3,0,28,680,24,82,29,22,5,21,1639,0,0,0,89,11,5995,0,22.6,0
Los Angeles,California,90046-1214,0,11,107,0,0,0,5,0,2,0,2077,4,11,36,3,137,55,0,0,2,3,0,0,3,19,7,0,23,28,0,0,0,111,0,17,0,5.9,0
Rocklin,California,95765,13,15641,283,0,0,0,0,366,0,326,8,7,16,8,8,0,14,0,15,0,0,5,77,9,0,13,0,13,2,0,0,0,62,117,7,0,11.2,0
Los Altos,California,94022,3,26,327,3,0,9,26,7,0,147,1278,11,15,295,7,394,26,25,9,3,2,5,17,20,39,12,0,7,65,0,0,0,133,27,26,2,18.1,0
Chico,California,95926-7136,20,24,416,10,0,0,5,0,0,33,5237,0,39,2091,5,398,76,13,18,3,5,6,8,9,29,64,53,160,20,0,0,0,320,35,5,24,12.8,0
Lakeside,California,92040-1252,14,688,6300,212,0,40,10,185,93,594,5156,45,49,1698,434,2072,796,362,46,9,52,49,88,82,432,651,21,44,135,0,0,0,282,106,3324,14,34.2,0
Hermosa Beach,California,90254-2016,8,0,138,6,0,0,3,0,3,0,1731,5,64,86,19,160,133,0,4,0,7,0,7,15,10,6,4,19,3,0,0,0,72,16,100,75,8.8,0
Folsom,California,95630-6368,3,82,381,3,0,0,0,18,0,70,3401,1,16,356,12,131,54,6,6,52,72,11,10,14,137,13,17,113,5,0,0,0,1705,40,54,2,12.0,0
Folsom,California,95630-6368,4,29,237,3,0,0,0,4491,0,0,4491,0,5,394,2,39,2,22,0,28,51,17,10,31,106,9,5,220,11,0,0,0,3731,56,8,2,7.0,0
Alameda,California,94501,0,31,250,0,0,0,0,430,0,190,1400,130,0,3900,0,140,0,600,0,0,0,470,0,0,33,120,0,0,0,0,0,0,0,0,0,0,0.0,0
San Diego,California,92103,30,73,117,0,0,37,112,124,8,142,55,71,83,55,128,53,20,0,19,48,101,19,117,11,56,862,287,19,22,0,0,0,150,65,60,9,22.8,0
Upland,California,91786-4619,0,156,208,0,0,0,0,961,15,0,138,76,106,20,35,100,15,0,0,981,19,8,450,34,136,9,0,116,20,0,0,0,137,10,720,0,16.1,0
Menlo Park,California,94025-3663,0,0,9,0,0,0,0,0,0,0,592,0,26,39,3,40,17,0,0,0,0,0,16,7,6,4,0,0,8,0,0,0,12,0,34,0,7.1,0
Fresno,California,93711,26,61,6229,296,0,0,7,7,0,45,7375,4,11,1186,114,385,55,75,160,3,12,53,18,16,46,66,22,185,32,0,0,0,426,182,31,143,18.9,0
Santa Cruz,California,95062-3547,0,7,6,0,0,0,0,0,0,95,7836,0,65,59,0,207,44,0,0,0,0,0,4,0,21,7,0,6,0,0,0,0,928,28,31,0,5.5,0
Thousand Oaks,California,91360-5924,0,7,77,3,0,1,0,2,0,4,160,3,3,62,2,10,4,3,0,0,1,1,1,2,11,53,3,28,3,0,0,0,47,6,23,5,1.63,0
Richmond,California,94804-1541,1,0,98,13,0,34,0,0,2,480,190,10,12,130,1,220,230,36,1,1,120,3,6,44,39,79,32,8,1,0,0,0,32,21,180,14,12.81,0
Hollywood,California,90028-5678,11,91,603,6,0,0,4,17,31,68,3161,4,155,348,37,959,166,36,13,2,5,29,20,83,286,28,5,79,47,0,0,0,360,42,36,14,20.3,0
Arroyo Grande,California,93420-5361,0,1,19,2,0,0,0,0,1,7,150,1,1,270,1,120,0,0,0,0,14,1,1,2,3,1,0,33,0,0,0,0,11,36,42,5,-2.0,0
Berkeley,California,94708-1222,6,302,1623,15,0,67,0,0,0,41,2600,4,282,5834,73,5748,486,195,130,7,73,31,16,16,303,217,91,10,27,0,0,0,89,126,141,15,26.4,1
Petaluma,California,94954-3674,0,1,1,0,0,0,0,0,0,0,10,0,1,1,0,23,0,0,0,0,0,0,0,0,0,3,0,0,0,0,0,0,1,1,0,0,70.0,1
San Diego,California,92124-2017,0,29,140,3,0,1,0,0,0,31,100,3,30,15,2,15,40,7,0,0,4,0,1,3,2,16,1,36,0,0,0,0,69,2,8,6,5.63,1
El Dorado Hills,California,95762-3959,1,25,270,5,0,32,0,0,1,17,640,1,42,200,5,13,14,120,1,1,4,2,2,2,4,28,41,110,0,0,0,0,130,87,21,8,14.0,0
San Francisco,California,94110,0,40,9,0,0,4,0,0,0,0,1,0,4,2,3,282,7,0,0,50,0,0,0,0,13,7,0,2,0,0,0,0,4,5,4,2,2.6,0
Lafayette,California,94549,0,12,100,0,0,4,8,0,0,218,5467,0,10,312,11,191,39,31,5,0,2,0,14,4,66,12,0,9,0,0,0,0,135,39,150,0,13.3,0
Woodland Hills,California,91367-2213,0,2,94,2,0,0,0,21,0,32,300,26,2,37,2,5,0,1,0,0,0,2,1,0,1,21,0,29,14,0,0,0,21,2,100,3,1.54,0
Los Angeles,California,90046,10,27,410,7,0,0,0,70,1,4,810,3,30,87,7,69,12,38,1,0,6,2,3,3,39,78,350,4,17,0,0,0,130,31,25,22,8.54,0
Rancho Santa Margarita,California,92688-1036,0,0,6,0,0,0,0,0,0,0,799,0,5,0,0,4,22,0,0,0,0,0,0,0,0,2,0,0,5,0,0,0,8,0,17,0,-0.1,0
Palo Cedro,California,96073,0,4,200,0,0,0,4,0,0,0,3168,11,6,159,10,76,0,14,3,0,0,4,4,4,44,7,8,38,2,0,0,0,344,15,32,3,4.3,0
Glendale,California,91205-3448,4,19,145,4,0,0,82,0,3,0,7877,0,16,94,6,96,11,0,8,0,3,4,2,6,19,7,10,235,2,0,0,0,2085,16,5,10,5.7,1
Coronado,California,92118-1450,0,4,28,0,0,0,0,8,0,0,472,0,11,81,7,46,14,0,6,0,0,0,0,0,3,30,0,13,6,0,0,0,109,0,13,0,5.5,0
Carlsbad,California,92010,22,50,350,15,0,8,0,22,3,23,1943,33,8,372,63,1026,32,0,16,2,22,3,6,5,92,49,15,17,3,0,0,0,244,23,283,21,17.2,0
Encino,California,91316-4116,2,11,245,2,0,0,0,0,0,0,6939,5,63,75,7,156,22,0,3,0,2,3,6,7,76,9,0,61,16,0,0,0,1088,24,14,0,6.8,0
San Juan Capistrano,California,92675,0,0,0,0,0,0,0,0,0,0,0,0,0,0,0,0,0,0,0,0,0,0,0,0,0,0,0,0,0,0,0,0,0,0,0,0,1.0,0
Loveland,Colorado,80538,3,6,36,2,392,30,4,0,0,0,9539,0,3,154,0,152,0,0,34,0,289,4,0,3,7,19,20,446,0,2184,15,9346,3936,11,0,0,6.8,0
arvada,Colorado,80004,2,7,120,0,78,2,0,0,11,0,14364,2,3,236,2,77,0,0,0,0,3,10,7,0,200,20,3,961,3,1995,95,6677,660,20,8,0,3.9,0
Castle Rock,Colorado,80104,9,34,134,10,172,20,4,0,0,29,11243,5,8,1082,16,139,11,56,8,0,9,30,14,5,52,30,70,860,9,9231,23,15716,1313,64,34,5,12.0,0
Longmont,Colorado,80501,0,5,50,0,116,3,0,0,0,142,6543,0,3,290,25,32,33,12,5,0,0,5,3,0,11,14,20,135,0,680,2,2481,470,14,5,0,9.0,0
Centennial,Colorado,80112,22,87,1304,778,386,5,7,10,85,92,10690,15,60,2895,88,1054,24,269,14,2,23,28,32,7,33,66,89,599,129,26969,101,27316,802,262,71,47,21.0,0
Fruita,Colorado,81521,3,8,39,12,107,0,0,0,0,0,1798,8,0,946,0,14,0,0,0,0,0,13,4,3,0,96,3,51,0,507,14,2515,412,11,12,6,3.6,0
Castle Pines,Colorado,80108,6,8,177,0,78,0,0,0,0,0,18882,7,6,407,75,53,2,6,4,0,7,5,3,0,6,12,14,190,5,3292,9,6293,370,26,58,67,3.5,0
Longmont,Colorado,80501-8811,0,5,148,0,195,0,2,0,0,27,3365,0,2,298,3,10,0,0,0,0,0,8,3,0,8,36,9,212,4,1545,6,4120,852,7,0,0,3.5,0
Fort Collins,Colorado,80526-3040,38,17,620,3,134,4,0,0,0,22,4813,0,9,908,119,314,13,101,5,0,19,25,7,3,23,44,22,79,9,2261,11,4615,645,52,35,11,13.8,0
Westminster,Colorado,80020,5,41,452,15,0,15,6,22,16,111,2123,5,35,1689,80,7358,71,123,4,3,284,13,11,0,30,56,26,42,12,0,0,0,469,145,181,11,22.2,0
Littleton,Colorado,80124,0,3,46,0,0,3,2,0,0,0,1907,0,6,306,149,20,0,206,0,0,0,94,3,3,10,34,6,59,98,0,0,0,205,304,1932,0,3.6,0
Fort Collins,Colorado,80528,5,10,28,0,0,0,6,0,0,0,23298,16,0,534,3,40,0,8,0,0,2,30,4,3,33,20,29,905,0,0,0,0,5334,9,11,2,3.0,0
Colorado Springs,Colorado,80906,5,4,2200,52,0,0,0,7,0,0,390,10,2,190,39,5,36,32,0,0,28,1,0,2,1,10,360,1,92,0,0,0,66,21,170,63,3.51,0
West Hartford,Connecticut,6117,4,18,74,5,490,19,37,4,2,92,2005,4,166,207,46,275,243,21,9,2,16,2,12,0,154,42,41,21,5,2721,61,223,492,23,15,2,20.1,0
Greenwich,Connecticut,6831,21,226,730,35,1181,125,20,180,358,102,1813,26,1336,1305,33,2543,315,351,23,150,59,4,12,2,249,393,53,222,24,11304,1325,515,17898,305,130,34,28.9,0
Danbury,Connecticut,6810,0,63,4,0,0,24,0,0,0,548,0,7,16,4,19,7,13,0,0,0,58,0,0,0,0,3,0,6,0,0,0,0,15,0,4,0,8.9,0
Guilford,Connecticut,06437-1808,0,26,22,2,0,13,19,0,0,72,8220,0,123,152,6,244,61,5,0,0,11,0,0,0,10,85,11,43,0,0,0,0,5630,33,50,0,9.0,0
Wilmington,Delaware,19803,0,4,36,2,0,8,13,0,0,24,1031,4,43,151,17,24,30,0,0,0,4,3,0,0,6,104,3,79,0,0,0,0,956,16,8,0,8.7,0
Fernandina Beach,Florida,32034,0,12,0,0,77,3,0,0,0,0,349,6,28,16,3,0,0,0,0,0,2,0,0,0,3,10,0,2,5,138,3,3,24,2,0,0,5.8,1
Sarasota,Florida,34238,14,9,43,15,1001,13,25,0,0,56,854,3,99,669,13,257,0,0,44,0,112,2,0,0,18,41,13,25,0,4544,4,13,192,428,37,0,16.5,0
New Smyrna Beach,Florida,32168,0,7,11,0,595,21,2,0,0,0,1110,0,195,465,3,51,2,0,0,0,19,0,0,0,16,269,2,11,0,653,2,3,397,8,2,0,12.9,0
Tampa,Florida,33624,0,0,74,0,83,6,3,0,105,0,287,56,77,328,175,10,0,0,5,0,19,3,5,0,16,20,3,0,0,401,0,0,28,13,23,0,17.4,0
South Pasadena,Florida,33707,7,10,58,5,455,6,13,8,9,0,3079,5,44,228,3,7,0,0,6,0,8,2,5,0,61,50,6,22,10,1429,3,9,385,97,3,21,12.2,0
Coral Gables,Florida,33134,6,5,127,0,32867,3,0,9,0,101,272,0,217,216,0,28,0,0,0,0,5,0,0,0,7,37,3,0,0,395,6,0,57,0,4,0,17.2,0
Coral Gables,Florida,33134,0,0,36,0,4625,7,15,0,0,57,821,11,23,406,3,31,0,0,0,0,175,3,0,0,24,44,0,0,8,103,0,0,8,6,3,2,19.2,0
Gainesville,Florida,32601,22,5,295,0,281,23,36,0,0,104,696,5,82,11961,0,413,0,73,3,11,18,4,0,0,28,449,3,10,4,2174,8,14,192,9,3,0,22.2,0
Key Biscayne,Florida,33149,10,0,14775,7,156,4,0,6,4,0,64,6,76,955,14,100,0,0,8,4,367,3,2,0,19,177,0,0,33,0,0,0,43,6,34,8,20.6,0
Weston,Florida,33331,4,5,43,0,451,0,17,0,0,0,4255,0,125,126,0,49,0,0,0,0,110,0,0,0,10,6,3,6,17,867,9,6,116,32,0,0,9.5,0
Sarasota,Florida,34240,0,5,194,29,131,2,209,33,88,66,82,122,46,541,578,0,0,19,0,0,52,5,8,6,282,35,5,3,236,2560,0,0,90,20,917,0,22.7,0
Casselberry,Florida,32707,9,8,40,23,280,3,37,9,17,61,2158,9,216,308,27,70,3,6,0,2,6,4,7,0,37,97,36,67,3,4987,228,486,1663,235,53,3,12.6,0
Casselberry,Florida,32707,9,8,40,23,280,3,37,9,17,61,2158,9,216,308,27,70,3,6,0,2,6,4,7,0,37,97,36,67,3,4987,228,486,1663,235,53,3,12.6,0
Jacksonville Beach,Florida,32250,0,76,114,2,0,0,43,9,0,193,1673,8,62,42,22,56,0,0,205,0,28,2,4,0,23,63,3,44,7,0,0,0,1148,8,16,0,16.9,0
Bonita Springs,Florida,34135,12,3,448,0,0,0,0,11,2,0,161,0,17,211,3,25,0,0,0,0,13,0,0,0,4,31,15,2,2,0,0,0,77,11,13,0,10.2,0
Miami Beach,Florida,33139,14,24,445,28,0,27,17,175,0,190,2804,81,79,520,112,27,0,0,9,0,15,10,2,542,219,138,16,15,722,0,0,0,194,124,86,12,21.7,0
Miami,Florida,33127,40,42,558,0,0,12,0,243,5,131,3174,24,303,9862,12,52,0,0,4,0,15,0,2,0,0,1370,0,19,18,0,0,0,36,18,0,0,24.3,0
Miami,Florida,33127,2,140,240,10,0,9,0,39,0,16,6300,3,140,69,1,68,2600,28,6,1,17,1,7,7,7,43,1,430,6,0,0,0,29,10,21,5,14.54,0
Port Saint Lucie,Florida,34984,0,5,59,0,0,0,67,39,69,0,42,59,21,9,0,0,0,0,27,0,7,3,2,0,2,31,0,0,11,0,0,0,15,12,0,0,17.0,0
Sarasota,Florida,34232-6611,0,7,29,0,0,0,244,8,4,0,150,0,645,10,0,8,0,0,2,0,2,0,4,0,30,5,5,7,0,0,0,0,154,25,0,0,10.5,0
Lighthouse Point,Florida,33064-7241,0,0,33,0,0,0,308,0,0,549,113,130,310,21,0,0,0,0,0,0,332,11,0,0,378,51,0,0,142,0,0,0,50,271,0,0,3.0,0
Apopka,Florida,32703-4773,5,103,528,4,0,165,322,145,307,2290,200,203,745,920,2225,103,62,0,43,14,1862,0,90,90,268,424,10,0,297,0,0,0,43,465,100,0,39.4,0
Fort Lauderdale,Florida,33304,34,34,153,5,0,102,3,133,5,1134,678,4,219,4652,16,69,0,0,7,2,129,5,3,12,52,361,12,39,96,0,0,0,168,30,7,2,24.1,0
Tamarac,Florida,33321,27,0,686,0,0,0,39,23,3,70,170,5,28,230,15,8,0,0,0,0,5,0,2,3,9,2,0,0,6,0,0,0,8,14,6,0,17.9,0
The crescent,Florida,0,5,0,24,0,0,0,8,0,0,0,26,0,13,13,0,0,0,0,0,0,3,0,0,0,0,12,82,0,0,0,0,0,4,181,0,0,2.1,0
Manchester,Florida,M1 5QU,4,19,948,3,0,7,2,31,2,0,62,70,1388,402,19,75,0,12,0,0,0,2,3,0,26,28,12,0,195,0,0,0,28,10,1725,0,13.8,0
Marietta,Georgia,30066,5,22,438,0,123,6,0,7,17,29,4527,3,4,482,20,342,8,27,4,13,4,3,4,4,29,14,34,22,0,2314,61,2913,486,18,4,2,14.7,1
Newnan,Georgia,30263,0,7,83,3,2212,24,654,0,15,176,11875,6,1196,620,5,759,688,41,7,4,846,0,5,0,856,221,26,48,2,5412,39,59,4744,135,7,133,24.2,0
Sumner,Georgia,31789,11,0,17,122,222,2,20,0,5,24,2218,17,75,1875,7,87,0,0,0,0,9,38,9,0,73,65,51,190,6,7643,6,8,2390,125,8,0,12.3,0
st marys,Georgia,31558,7,218,683,173,4405,56,1186,146,46,763,3375,67,1510,1563,118,541,31,30,55,11,1738,61,27,7,208,786,294,19,110,26086,61,36,503,363,58,0,37.6,0
Newnan,Georgia,30263,4,5,2598,4,15254,86,111,19,4,2160,704,16,179,823,58,293,27,25,0,0,98,83,19,0,120,247,12,11,22,1333,16,9,218,199,481,0,28.5,0
Atlanta,Georgia,30341,0,4,28,13,521,13,19,0,0,66,847,158,216,383,0,58,10,0,0,0,7,6,0,0,47,33,0,3,0,759,13,9,122,5,20,3,18.9,0
Sugar hill,Georgia,30518,1,1,54,6,0,17,19,0,1,0,58,36,67,73,2,180,0,0,0,0,7,4,31,0,1,81,4,2,1,0,0,0,37,1,45,1,12.91,0
Peachtree City,Georgia,30269-1322,0,5,18,0,0,14,36,0,0,0,553,12,564,339,0,244,61,0,0,0,54,4,6,2,68,238,14,6,8,0,0,0,502,29,31,0,14.3,0
Atlanta,Georgia,30305,3,10,47,0,0,27,2,22,0,480,2300,4,1100,13,6,14,50,0,0,0,38,0,1,1,5,37,180,2,0,0,0,0,410,16,61,0,11.36,0
Wailuku,Hawaii,96793,0,2,30,386,161687,352,61,0,21,190,1076,3,346,641,4,114,0,77,15,0,10,5,7,0,61,30940,7,5,3,4743,112,0,23,19,0,13,29.3,1
Hope,Idaho,83836,0,4,164,4,181,59,0,0,0,0,668,0,12,1225,65,401,86,1656,0,0,20,13,22,0,1893,83,26,0,3,2307,11,371,16,618,238,13,16.5,0
Lenore,Idaho,83541,0,7,169,24,242,6,0,0,3,78,3295,0,5,3161,11,86978,23,196,0,13,12,113,35,17,45,412,148,5,2,864,101,671,66,2157,41,44,19.2,1
Boise,Idaho,83702,5,32,200,5,194,2,5,0,0,50,6672,16,7,630,15,73,59,36,0,0,25,9,8,7,40,36,15,16,3,1416,9,1223,182,65,33,0,16.8,0
Meridian,Idaho,83642-6156,0,4,68,13,47,3,0,9,0,0,819,532,5,2962,0,47,5,456,0,2,0,14,0,3,4,13,157,31,0,318,5,1609,245,29,524,7,7.8,0
Meridian,Idaho,83642,0,5,44,0,0,0,0,0,0,0,6291,0,7,132,0,45,0,0,0,0,4,18,0,2,2,14,2,15,2,0,0,0,2216,45,31,0,1.1,0
Eagle,Idaho,83616,13,51,377,10,0,26,21,0,0,28,7398,25,9,1109,11,228,23,11,7,0,7,89,14,7,18,78,33,63,3,0,0,0,293,27,86,0,18.5,0
Eagle,Idaho,83616-7185,0,4,72,0,0,0,0,8,0,0,2181,0,0,256,0,14,20,0,0,0,8,7,0,0,3,12,3,21,0,0,0,0,9,12,12,6,3.2,0
Eagle,Idaho,83616-4177,2,15,88,0,0,2,0,3,0,0,2277,1,3,610,17,327,36,387,0,30,1,12,2,2,6,3,2,96,3,0,0,0,4308,217,39,2269,4.5,1
Boise,Idaho,83706-6302,11,29,860,2,0,19,0,5,0,0,1500,38,6,260,4,13,1,25,0,0,5,31,0,3,1,120,420,340,0,0,0,0,140,13,7,37,5.36,1
Prospect Heights,Illinois,60070,0,373,0,0,210,782,0,0,0,2490,19,0,173,105,357,766,271,1154,0,0,852,1002,0,3248,451,329,4728,65,0,3752,254,1720,582,12,1199,0,20.7,0
Chicago,Illinois,60626,2,11,15,4,110,1,0,1,0,2,640,3,18,79,0,2,1,5,0,0,4,1,3,1,3,29,65,980,0,4300,8,2900,810,2,22,6,-2.19,0
st charles,Illinois,60103,1,1,180,2,270,0,8,42,3,88,47,640,12,18,4,1,0,18,28,0,1,0,23,450,0,37,1,2,30,22,0,1,3,4,65,1,19.63,0
Bloomington,Illinois,61704,9,4,351,34,975,12,91,0,0,330,517,8,164,568,143,137,259,11,0,0,77,0,145,0,23,84,68,84,0,6293,81,325,687,16,478,0,19.2,0
Crystal Lake,Illinois,60014,4,16,194,14,152,88,39,8,0,159,2088,23,54,242,11,183,147,0,6,0,33,2,2,2,38,37,51,43,13,3153,19,230,263,11,146,0,18.4,0
Waukegan,Illinois,60087-5329,0,3,104,0,147,3,0,0,0,0,1265,19,61,224,70,43,6,7,0,0,31,33,4,2,36,77,52,57,3,2204,28,150,161,10,12,0,10.9,1
Libertyville,Illinois,60048,0,3,26,15,59,4,2,0,0,132,1580,14,22,138,4,56,647,0,0,0,100,3,3,0,26,18,34,95,2,2028,22,152,568,8,27,0,10.6,0
St. Charles,Illinois,60174-2843,2,0,42,0,43,0,0,14,0,28,27,2,13,9,1,7,0,11,0,0,13,1,0,6,0,14,0,0,1,54,0,1,1,3,280,0,10.21,0
Clarendon hills,Illinois,60514,13,77,343,39,0,31,33,0,0,0,8580,15,97,991,43,329,805,41,0,5,16,10,15,86,65,74,144,252,25,0,0,0,1408,208,24,2,18.5,0
Chicago,Illinois,60614,0,0,0,0,0,0,0,0,0,1400,0,4,0,0,0,0,0,0,0,0,0,0,0,1,0,870,0,0,0,0,0,0,0,0,0,0,2.0,0
Countryside,Illinois,60525-3150,6,14,36,714,0,0,0,15,0,105,915,100,21,220,60,36,5,4,2,6,19,41,0,4,17,32,16,85,0,0,0,0,2915,53,50,0,15.2,0
Lombard,Illinois,60148-2528,2,4,22,0,0,2,3,0,0,0,784,0,25,142,5,45,29,0,0,0,0,6,0,0,6,15,10,75,0,0,0,0,795,4,26,0,2.7,0
Willowbrook,Illinois,60527-5343,9,3002,4591,11,0,49,4,19,0,70,8872,0,19,2575,296,252,102,508,16,3,71,45,7,4,64,430,68,350,27,0,0,0,1868,308,18,8,22.4,0
Moline,Illinois,61265,0,1,5,0,0,5,0,5,2,100,32,1,5,99,3,2,3,11,0,0,3,1,0,0,0,44,10,97,0,0,0,0,260,1,300,0,0.94,0
Lake Forest,Illinois,60045-3118,3,9,89,45,0,5,63,14,7,138,374,41,18,252,91,247,70,111,0,0,24,2,10,0,39,21,15,13,29,0,0,0,96,122,122,0,18.8,0
Romeoville,Illinois,60446,0,0,3,0,0,0,0,0,0,0,60,0,20,0,0,0,0,0,0,0,0,0,0,0,0,0,0,0,0,0,0,0,29,0,0,0,0.9,0
Chicago,Illinois,60625-5937,4,33,810,1,0,1,1,7,0,4,620,6,520,230,17,25,8,230,3,2,5,4,2,9,2,52,21,730,10,0,0,0,140,99,220,290,6.02,1
Kincaid,"Illinois
",62549,58,13,206,16,825,11,35,3,0,156,4588,4,256,2516,16,155,19,11,19,0,85,7,2,0,82,382,447,466,0,8875,26,369,3851,390,110,0,17.9,0
Indianapolis,Indiana,46202,3,1,610,0,8,0,0,0,1,0,72,2,12,27,0,1,0,120,1,0,3,0,1,0,2,41,13,72,2,330,6,200,180,15,8,30,-1.38,0
Indianapolis,Indiana,46202,0,5,150,0,4,120,0,2,0,0,29,2,7,5,1,3,650,19000,0,0,30,0,0,1,0,11,6,71,76,240,8,150,110,2500,79,1,1.95,0
Westfield,Indiana,46074,4,8,144,2,64,6,2,0,5,29,1318,0,54,480,7,74,14,0,8,0,14,3,3,0,55,191,470,26,0,5845,37,141,250,47,79,9,8.9,0
Floyds Knobs,Indiana,47119-9264,0,0,118,0,92,6,6,0,0,167,836,74,79,260,3,36,12,77,0,0,5,232,25,0,25,15,10,23,0,981,12,58,292,68,60,6,13.9,0
Fishers,Indiana,46037,0,2,5,0,320,5,0,3,0,90,81,2,6,120,16,2,1,1,0,0,4,0,1,0,0,180,33,7,0,240,8,140,89,2,4,1,5.42,0
Churubusco,Indiana,46723-9603,0,4,57,1,0,51,1,7,0,170,32,4,61,220,69,13,95,12,0,0,2,2,4,20,0,91,17,120,0,0,0,0,320,3,260,2,11.13,1
Noblesville,Indiana,46060,17,4,159,6,0,3,18,7,0,28,578,0,13,111,3,35,4,226,3,0,14,9,5,0,11,56,50,69,0,0,0,0,1552,81,125,0,9.9,0
Noblesville,Indiana,46060-1519,0,0,18,25,0,6,0,0,0,37,257,9,40,740,6,7,3,0,3,0,0,6,6,4,4,336,4,24,7,0,0,0,1838,7,100,0,7.8,0
Marion,Indiana,46953,0,0,57,0,0,24,0,0,0,88,17,14,39,210,0,12,15,0,4,350,116,5,0,17,7,64,159,78,0,0,0,0,565,3,9,2,8.2,0
Bloomington,Indiana,47404,0,10,5,0,0,3,3,0,0,0,366,0,14,166,3,13,0,0,0,0,0,0,0,0,4,21,6,25,0,0,0,0,217,27,35,0,2.2,0
Zionsville,Indiana,46077-7823,0,337,17,0,0,34,8,30,2,39,25,86,198,23,13,8,33,0,0,54,11,9,121,30,74,643,659,66,4,0,0,0,743,7,42,2,15.2,0
Columbia City,Indiana,46725,8,23,42,8,0,65,90,7,0,120,5239,11,32,1941,7,207,30,21,0,0,9,32,19,0,235,224,58,302,0,0,0,0,4055,36,25,0,19.3,0
Noblesville,Indiana,46062-5002,0,0,0,26,0,0,0,0,0,36,36,0,4,387,0,0,0,0,0,0,0,0,0,0,3,3,7,7,0,0,0,0,456,0,0,0,1.2,0
Davenport,Iowa,52807-1228,10,22,565,82,850,117,111,9,21,653,1814,362,100,1186,74,488,47,14,3,0,238,84,84,2469,148,260,420,258,71,19848,17,897,2606,177,529,4,27.7,0
Burlington,Iowa,52601-3485,3,3,7,11,0,0,0,0,0,0,1601,0,46,480,18,98,15,13,0,0,6,51,0,0,49,46,16,100,0,0,0,0,2067,54,21,0,7.1,0
Kalona,Iowa,52247,3048,2,130,102,0,13,13,0,0,51,1778,7,75,669,208,25,0,58,0,0,15,9,11,0,9,70,133,1625,0,0,0,0,21075,561,36,0,12.6,0
Armstrong,Iowa,50514-7574,0,3,24,13,0,4,41,0,0,158,237,20,20,342,0,52,267,0,0,0,190,5,0,0,6,35,7,277,0,0,0,0,1261,5,20,0,10.8,0
bel aire,Kansas,67226,6,3,11,0,54,0,0,0,0,0,4479,4,14,143,3,52,0,0,0,0,11,0,0,13,11,14,7,448,11,1553,32,1847,506,19,11,4,-0.2,0
Hillsboro,Kansas,67063,0,0,4,0,37,0,0,0,0,0,6366,1168,11,35,3,0,0,0,0,0,0,0,14,0,5,18,0,308,0,2188,0,216,1030,2,0,0,3.7,0
Manhattan,Kansas,66502,12,4,80,4,120,4,0,26,0,46,6185,10,45,454,5,33,3,0,0,0,4,897,6,0,217,37,70,888,0,6930,8,2639,4221,96,95,40,7.8,0
Olathe,Kansas,66062,0,4,28,5,0,10,0,0,0,0,6343,14,17,415,7,22,10,5,0,0,3,3,0,0,12,40,10,195,5,0,0,0,765,43,10,0,3.8,0
Wichita,Kansas,67218-1305,13,32,798,92,0,0,75,20,0,111,5841,0,57,312,111,1567,25,6,13,4,13,7,26,0,119,47,43,663,27,0,0,0,583,50,155,0,18.1,1
Franklin,Kentucky,42134,18,3,32,0,0,3,31,0,0,267,878,5,15,337,4,106,9,0,0,0,13,0,3,0,4,13,24,74,0,0,0,0,2019,6,5,0,9.3,0
Versailles,Kentucky,40383,4,4,100,5,0,25,10,35,0,110,610,3,390,420,1,2,3,18,0,0,7,3,5,0,0,200,23,290,0,0,0,0,450,7,13,0,9.99,0
Lexington,Kentucky,40511-8790,0,2,49,0,0,0,12,0,0,0,3594,9,23,235,13,296,4,38,0,0,3,10,5,0,2,21,17,114,0,0,0,0,2305,74,73,0,5.3,0
Versailles,Kentucky,40383-1306,0,0,1137,0,0,0,0,0,0,0,47,0,10,0,13,0,0,0,0,0,0,0,0,0,0,0,0,7441,0,0,0,0,2694,1,0,0,18040.0,0
Abbeville,Louisiana,70510,0,0,10,2,213,25,24,0,0,0,1649,0,707,860,9,27,0,0,0,0,3,4,3,0,17,57,12,20,0,4734,10,4,3278,51,0,0,9.4,0
Baton Rouge,Louisiana,70809-1789,1,2,130,2,0,5,2,35,0,31,700,14,760,220,80,23,490,7,2,1,32,1,12,2,0,140,49,3,8,0,0,0,80,78,110,13,14.74,0
Baton Rouge,Louisiana,70809,3,1,49,1,0,0,1,49,1,43,84,9,820,260,7,2,2,1,0,0,27,0,1,1,1,34,36,4,1,0,0,0,27,17,7,0,8.86,0
Otisfield,Maine,04270-6827,0,2,38,240,0,350,0,0,0,629,3902,10,67,640,8,179,291,9,0,0,112,28,70,11,19,43,15,12,9,0,0,0,442,36,103,0,22.4,0
Thorndike,Maine,4986,3,2,15,108,0,531,0,0,5,131,19658,2,187,44794,3,1045,383,194,41,4,15,39,8,0,381,17937,195,353,0,0,0,0,1786,194,16,37,25.2,1
Gardiner,Maine,4345,0,2,8,62,0,11,1,1,0,33,180,8,18,66,1,8,9,3,0,0,1,1,3,0,10,82,13,27,0,0,0,0,51,8,18,2,5.77,0
Saco,Maine,04072-3502,16,98,710,0,0,23,0,15,0,20,890,1,440,300,6,4,140,9,13,1,17,1,0,2,7,25,3,98,0,0,0,0,120,10,260,8,14.28,0
Silver Spring,Maryland,20901,0,1,63,0,490000,1,0,110,1,67,6,0,2700,290,0,90,0,2,0,0,4,0,0,0,11,57,0,2,3,51,390,4,1,1,16,3,16.32,0
Rockville,Maryland,20852,0,14,8,15,9900,210,6,2,1,630,160,9,150,1100,0,38,190,63,0,0,17,6,9,1,14,1900,0,51,0,480,24,73,37,58,120,4,21.21,0
towson,Maryland,21204,0,12,850,2,220,0,0,5,0,10,400,3,160,73,1,8,1,6,0,0,15,0,1,1,5,25,270,130,0,1700,11,1800,680,120,17,1,2.24,0
Mt Airy,Maryland,21771-9535,1,8,290,4,140,11,0,0,0,20,190,1,65,480,3,34,7,10,4,0,57,1,3,0,2,330,110,12,0,970,17,890,140,27,12,26,8.38,1
Eldersburg,Maryland,21784-6113,0,8,102,17,112,0,0,0,163,51,1406,179,24,341,0,20,1137,243,0,0,6,2,0,0,0,22,9,40,2344,707,9,276,1887,30,7549,0,7.8,0
Potomac,Maryland,20854-1172,49,30,729,224,0,21,274,50,0,2630,2875,472,119,2514,23,522,132,138,12,5,16,7,59,5,104,366,8,19,310,0,0,0,767,751,606,24,29.9,0
Brookevile,Maryland,20833,5,27,43,0,0,127,7,19,0,183,2713,0,53,625,15,252,6,0,0,0,20,112,20,0,48,51,177,75,0,0,0,0,2417,363,7,0,13.1,0
Bethesda,Maryland,20817-5925,5,46,70,303,0,294,115,15,361,641,3077,112,569,1084,263,568,57,35,3,3,17,30,38,19,129,5546,102,81,59,0,0,0,1970,49,125,0,33.7,0
Churchton,Maryland,20733-9609,3,25,295,11,0,12,19,21,0,423,4296,27,344,328,11,851,50,23,0,0,220,7,5,6,18,193,14,116,6,0,0,0,3273,697,28,4,18.2,0
Upperco,Maryland,21155,1,5,260,2,0,26,5,0,0,7,330,8,780,360,14,17,66,2,0,0,7,2,2,0,2,480,270,10,2,0,0,0,26000,120,34,7,5.59,0
Upperco,Maryland,21155,1,3,18,1,0,4,19,0,0,99,250,8,79,150,7,16,55,0,0,0,9,1,1,0,3,140,61,24,10,0,0,0,400,50,58,0,6.58,0
Cambridge,Massachusetts,2141,0,0,68,39,49,0,0,0,0,0,659,0,46,377,0,85,0,21,7,0,12,0,0,0,17,16,5,10,6,307,10,16,28,10,30,0,8.7,0
Attleboro,Massachusetts,2703,0,14,83,33,746,27,213,0,0,613,2601,12,48,866,15,110,20,0,0,0,12,5,35,0,43,98,26,55,3,2424,97,214,465,19,20,14,16.8,1
Ipswich,Massachusetts,1938,0,2,115,0,100,0,0,0,0,46,259,54,5,141,0,18,16,35,0,0,0,0,0,0,7,12,0,23,9,302,10,23,147,33,7,0,7.3,1
Ipswich,Massachusetts,1938,10,79,449,103,2311,40,118,0,0,164,1736,5,84,1543,21,1168,113,62,0,3,15,83,45,5,114,417,83,92,20,11608,237,1210,985,46,26,0,23.8,0
IPSWICH,Massachusetts,1938,0,2,41,0,1042,26,4,0,0,58,4531,17,6,19786,2,13,32,37,0,0,0,4349,0,0,5,1737,377,72,0,1902,22,664,360,32,10,0,13.9,1
Mashpee,Massachusetts,2649,0,9,3422,73,1676,37,16,0,0,305,2990,113,129,1303,6,119,48,18,364,3,13,18,11,4,26,821,7,22,6,1007,100,47,273,27,36,13,26.5,0
Danvers,Massachusetts,1923,0,5,0,0,263,35,0,0,0,482,985,0,59,2888,0,93,48,44,0,0,8,0,3,0,10,78,0,19,0,435,151,188,168,392,12,0,10.8,0
Somerville,Massachusetts,2145,5,62,1013,3,405,151,0,13,16,167,13256,4,51,1372,28,296,71,56,3,11,22,21,7,3,53,47,45,181,0,4290,113,416,700,200,101,270,19.7,0
Dover,Massachusetts,2030,3,53,82,17,154,4,5,0,0,251,995,2,78,312,7,155,14,0,0,0,12,0,0,29,42,15,7,22,0,1784,30,95,304,90,24,0,13.8,1
Marblehead,Massachusetts,01945-1223,0,23,45,2,0,31,126,0,0,75,11258,6,59,255,79,665,185,8,3,2,6,0,4,0,21,149,31,77,0,0,0,0,555,101,8,0,16.0,0
Medfield,Massachusetts,2052,0,20,29,0,0,8,7,0,0,0,867,0,406,1380,7,53,4,0,0,0,3,0,0,0,89,45,8,36,0,0,0,0,362,50,10,0,7.8,0
Everett,Massachusetts,2149,0,0,111,53,0,40,18,9,0,222,1787,250,28,1564,8,1159,148,28,0,0,13,58,5,7,8,16,3,31,21,0,0,0,516,33,645,0,20.1,0
Amherst,Massachusetts,01002-1267,5,9,82,4,0,0,0,0,0,0,1284,3,32,168,2,60,4,0,0,0,4,7,3,9,8,8,6,33,4,0,0,0,208,17,5,0,5.3,0
A,Massachusetts,1301,0,2,5,0,0,52,0,0,0,207,1681,0,26,1768,14,58,35,0,0,0,0,3,0,16,61,58,207,12,0,0,0,0,458,1933,8,0,9.0,0
Suttons Bay,Michigan,49682,0,4,34,0,264,5,0,0,0,70,5330,3,144,653,9,113,25,0,0,0,9,3,0,0,73,27,123,344,0,6241,25,1065,1444,11,111,0,6.2,0
Suttons Bay,Michigan,49682,0,3,3,5,1889,31,19,0,0,616,1588,0,73,5675,9,174,73,23,0,0,5,0,4,0,16,38,45,41,0,765,14,209,257,23,755,7,12.7,0
Armada,Michigan,48005,0,4,2,0,41,2,0,0,0,50,102,0,0,127,3,60,3,31,0,0,8,3,0,0,12,60,3,3,0,212,0,90,50,2,11,0,9.0,0
Commerce Township,Michigan,48390,0,0,17,0,2819,429,0,0,3,3915,1557,9,22,3193,0,29,0,0,0,0,0,0,2,0,12,91,11,54,3,795,4,137,1130,0,2,2,12.6,0
Novi,Michigan,48374,0,93,100,2503,102,40,0,0,34,304,19,0,94,35,10,0,0,0,0,706,20,9,6,52,0,186,0,5,0,623,92,41,22,136,3113,0,16.7,0
Berkley,Michigan,48072-2082,6,24,3357,12,249,9,14,0,5,250,2166,30,70,1062,17,252,130,39,34,5,15,6,39,10,94,76,154,90,9,7275,41,760,1124,74,244,21,19.9,0
Commerce Township,Michigan,48390,0,0,172,0,0,0,498,0,0,0,119,328,29,6,0,175,0,0,0,0,0,0,0,0,932,8,0,56,0,0,0,0,240,239,0,0,3.5,0
Dorr,Michigan,49323,1,6,20,2,0,13,0,0,0,35,200,31,31,200,0,56,28,17,0,0,4,2,1,0,2,140,97,28,0,0,0,0,330,7,100,3,5.64,0
Clarkston,Michigan,48346,3,14,254,28,0,18,18,0,0,43,2960,11,37,208,20,178,237,108,0,0,4,5,4,0,20,65,54,92,5,0,0,0,623,44,70,0,14.6,0
Kalamazoo,Michigan,49004,3,0,15,0,0,0,0,0,0,0,1489,8,80,118,0,75,0,0,0,0,21,0,0,0,3,15,6,90,0,0,0,0,3023,3,77,0,1.6,1
Allen Park,Michigan,48101-2300,0,15,230,26,0,75,21,9,1,4100,410,380,41,4100,1,74,34,240,5,0,140,4,160,74,18,2400,21,100,8,0,0,0,210,94,750,7,19.42,0
Gladstone,Michigan,49837-2425,143,47311,354,152,0,184,109,564,16,7744,73,766,452,73,15,856,203,0,44,2387,192,2,188,57,914,54,1189,231,56,0,0,0,558,1398,294,7,29.9,0
Caledonia,Michigan,49316-7432,0,0,7,0,0,0,3,0,0,0,582,0,11,43,0,47,0,0,0,0,0,3,0,0,6,7,6,42,0,0,0,0,788,5,0,0,-0.4,1
Owosso,Michigan,48867-8200,3,4,7,110,0,19,17,0,0,321,2201,23,28,351,0,317,4,345,3,0,4,11,58,5,133,287,103,53,0,0,0,0,1282,91,26,0,17.8,0
Ann Arbor,Michigan,48105-2508,83,23,278,7,0,13,13,0,0,0,5438,4,27,762,14,214,69,8616,835,0,15,9,5,0,223,56,433,648,0,0,0,0,7213,45,84,3,15.8,0
Blaine,Minnesota,55445,0,54,0,0,240,0,0,0,0,2000,440,0,12000,2200,0,0,0,0,0,0,0,4,0,0,0,280,0,870,0,12000,5,130,260,6,19,6,6.0,1
Plymouth,Minnesota,55442,1,13,20,2,31,3,0,6,0,21,180,2,4,40,1,1,3,73,0,0,2,1,1,2,1,46,5,1100,1,1400,25,11000,170,1,160,0,-0.62,0
Burnsville,Minnesota,55337,0,14,493,3,84,0,0,0,0,237,742,6,64,582,0,247,9,179,0,0,13,3,6,0,62,19,89,76,0,6300,21,254,415,29,93,5,9.8,0
Sargeant,Minnesota,55973,2,20,170,37,0,24,6,4,1,230,330,16,830,2300,1,180,4,140,1,3,16,38,46,8,10,2000,26,110,2,0,0,0,180,29,200,3,20.59,0
Stillwater,Minnesota,55082,0,7,309,6,0,0,8,0,0,21,2008,252,20,357,10,41,5,10,0,0,8,8,7,12,15,52,11,110,0,0,0,0,1577,51,17,0,12.6,0
Oak Grove,Minnesota,55011,0,4,40,0,0,12,4,0,0,117,6994,0,4,119,7,20,4,6,0,0,7,0,0,0,20,14,2,24,3,0,0,0,26,5,4,0,11.3,0
Kimball,Minnesota,55353-4513,2,3,58,5,0,0,4,0,10,101,632,4,75,514,4,97,30,6,3,0,8,0,7,3,104,54,741,45,222,0,0,0,210,15,238,0,8.5,0
Blue Springs,Missouri,64014,10,3,53,5,307,3,0,107,0,30,3518,0,18,452,25,18,3,0,11,0,8,81,2,0,58,10,45,818,12,7046,4,748,2880,205,255,2,6.4,0
Joplin,Missouri,64801,116,11,1558,127,3612,51,20,70,23,286,7477,55,653,1971,3,93,78,12,9,6,23,12,27,3,49,147,85,670,13,37260,132,1059,1145,81,47,0,25.6,0
eureka,Missouri,63025,0,3,44,0,393,3,5,0,0,0,4346,0,133,416,3,56,0,0,0,0,12,3,5,0,36,36,80,164,7,18678,141,377,2896,75,3,0,2.0,0
Kansas City,Missouri,64157-7948,11,11,93,0,9,0,0,0,0,0,613540,0,46,58,551,14,4,0,4,0,6,0,0,5,3,58,0,768,0,901,3,171,26952,2861,202,0,4.4,0
Fenton,Missouri,63026-3420,0,0,29,3,0,0,8,0,0,21,1481,9,52,177,6,30,0,0,0,0,2,32,0,0,0,20,6,128,3,0,0,0,12416,8,20,0,3.2,0
Jefferson City,Missouri,65109,0,0,50,13,0,0,9,6,0,41,2287,4,87,94,6,27,0,9,0,0,0,0,3,0,33,45,95,2920,0,0,0,0,26622,13,3,0,2.3,0
OFALLON,Missouri,63368,54,22,34,33,0,3,2,0,0,25,955,5,48,188,6,15,37,117,0,6,7,2,4,4,12,44,28,133,4,0,0,0,5231,142,89,10,8.1,0
oFallon,Missouri,63368,20,16,28,64,0,2,3,4,0,12,1873,0,31,149,7,13,0,0,0,0,6,3,4,0,16,37,25,137,0,0,0,0,10496,763,7,4,3.8,0
Raytown,Missouri,64138,0,0,17,2,0,0,0,6,0,0,992,13,37,198,3,19,6,0,0,0,9,0,0,0,5,6,5,148,7,0,0,0,1553,30,27,0,0.2,0
lake St Louis,Missouri,63367,0,0,0,0,0,0,0,0,0,18,386,0,8,39,0,4,0,0,0,0,0,0,0,0,2,0,22,722,0,0,0,0,46038,114,0,0,-8.9,0
Weldon Spring,Missouri,63304,0,0,14,0,0,0,0,0,0,0,439,9,29,55,3,4,57,0,0,0,4,0,0,0,26,21,5,10,2,0,0,0,4341,179,20,0,1.4,0
Weldon Spring,Missouri,63304-1084,0,0,3,225,0,0,4,5,0,99,83,198,19,46,15,11,72,0,0,0,11,10,3,3,0,19,0,3,49,0,0,0,391,18,728,0,11.1,0
Excelsior Springs,Missouri,64024,1,0,330,5,0,4,0,91,10,37,170,2,170,150,1,15,210,6,0,0,26,0,2,3,1,92,14,500,2,0,0,0,470,54,95,0,8.58,1
Missoula,Montana,59808,0,0,6,0,104,0,0,0,0,0,3464,0,0,103,0,4,0,0,0,0,17,4,0,0,39,18,544,15,0,234,2,6236,467,18,0,0,-0.2,0
Laurel,Montana,590444,0,0,6,0,32,0,0,0,0,0,1278,0,0,116,85,25,0,0,0,0,0,2,0,5,18,10,19,255,0,309,2,982,1370,109,0,0,-0.5,0
Bozeman,Montana,59715,4,36,192,0,275,24,3,0,39,141,12332,0,3,1830,7,369,38,111,17,4,24,33,15,107,80,99,330,55,4,7234,36,35214,7906,104,492,2,15.4,1
Kalispell,Montana,59901,0,8,17,0,31,720,0,0,0,195,11031,0,3,262,0,59,79,340,0,0,3,80,4,0,3,23,10,24,0,744,9,2414,5076,196,57,3,8.8,0
Gardiner,Montana,59030,11,2,51,0,51,0,3,0,0,83,2835,0,0,561,0,160,27,101,0,0,0,31,10,51,10,51,18,10,0,1076,4,3749,91,24,11,0,12.1,0
Red Lodge,Montana,59068-9251,1,4,120,1,0,3,0,0,0,150,55,0,1,190,3,6,130,730,0,0,0,0,2,0,0,42,7,32,0,0,0,0,35,4,260,0,6.54,0
Livingston,Montana,59047,0,3,4,0,0,0,0,0,0,0,1785,0,0,858,13,295,0,491,0,0,12,25,5,4,222,71,293,29,4,0,0,0,740,63,56,0,4.7,0
Kalispell,Montana,59901,1,0,1,0,0,0,0,0,0,3,92,1,4,18,1,1,0,0,0,0,0,1,0,0,0,6,2,10,0,0,0,0,32,1,16,0,-4.53,0
Madrid,,28210,11,14,784,174,340,22,24,34,0,907,2010,4,68,3786,60,4038,34,55,72,7,22,4,10,5,393,124,16,12,235,2955,76,896,46,123,139,0,27.2,0
Barcelona,,8002,1,1,11,0,190,2,0,62,0,51,19,2,4,61,0,1,0,0,0,0,0,0,2,1,0,8,1,1,0,152,4,110,2,0,17,1,6.4,0
Le Gosier,,97190,6,0,134,10,3114,3,100,0,62,0,1421,31,83,77,0,126,7,0,13,0,4,0,0,0,42,9,3,8,0,5868,5,0,109,492,120,13,13.4,0
Aberdeen,,0,0,0,3,0,304,229,2,0,0,130,28,9,7,2095,0,63,10,0,2,0,2,2,0,0,6,16,0,0,0,49,0,5,0,0,28,0,16.3,1
LOUGHBOROUGH,,LE12 8DH,8,15,134,0,2195,723,0,15,0,902,1053,8,19,3816,0,646,54,78,2,9,5,59,109,7,30,194,27,3,0,1903,87,2451,425,6,26,0,24.8,0
Manchester,,SK9 4DA,0,5,2,0,18,46,0,0,0,41,95,0,20,345,0,143,105,18,0,0,0,0,0,0,28,35,0,0,0,115,11,39,25,8,41,0,11.2,0
FPO,,96349,0,9,110,2,65,48,0,22,0,64,1500,19,2,330,3,110,15,130,1,0,3,1,9,5,7,370,56,7,1,700,42,4700,76,5,34,14,12.09,0
RIO SAN LORENZO,,SAN PEDRO GARZA GARCIA,7,0,98,0,0,0,0,21,9,27,728,8,5,164,9,9,0,0,0,0,0,3,5,0,6,4,2,54,15,0,0,0,36,0,0,0,10.2,0
Preston,,0,9,66,69,35,0,18,0,19,0,18,483,4,15,524,20,241,7,0,3,49,1,1,32,2,214,73,88,4,11,0,0,0,1200,10,17,4,15.8,0
Morden,,0,0,18,120,0,0,4200,5,1,0,160,2800,8,210,57000,1,1200,83,130,1,0,4,1,51,0,2,160,60,28,0,0,0,0,130,60,12000,3,14.45,0
Letchworth Garden City,,SG6 1AD,2,54,51,30,0,450,4,0,0,120,1900,0,29,250,0,260,67,100,5,2,33,1,12,1,7,930,84,170,0,0,0,0,1100,13,43,0,13.12,1
Mount Annan,,2567,0,15,19,5,0,5,0,6,0,0,540,11,74,231,0,93,2,18,2,11,1,3,2,1,12,164,0,26,2,0,0,0,5996,6,108,0,10.4,0
Morden,,0,1,8,21,0,0,20,0,1,0,32,130,25,6,200,2,79,2,19,0,0,0,2,4,4,5,65,11,10,22,0,0,0,77,5,120,0,5.93,0
Bayswater,,3153,17,184,98,2,0,64,4,0,1,0,1939,3,25,2105,13,474,103,91,10,231,12,15,21,8,73,309,198,30,1,0,0,0,30243,48,21,1,18.8,0
Kingswood,,0,0,90,403,0,0,17,0,0,0,0,1982,11,49,81,10,324,2,17,3,0,4,5,0,0,45,26,8,79,0,0,0,0,2077,3,6,0,11.8,0
43 church st,,Rutland,4,5,37,0,0,22,0,0,0,46,819,5,31,1065,0,175,31,7,0,0,2,9,20,3,37,45,9,4,0,0,0,0,812,15,31,6,11.5,1
Kinglake,,3763,2,10,11,0,0,2410,0,0,1,0,9583,65,816,1413,0,1586,65,114,10,1405,5,0,5,8,580,242,7681,7,4,0,0,0,576863,3425,323,866,4.4,0
Raamsdonksveer,,4941 JD,8,61,74,17,0,393,0,0,0,43,5943,3,187,608,4,512,3,14,4,0,7,17,9,2,75,434,89,114,8,0,0,0,3617,9,7,28,13.6,0
Hyggen,,3442,0,1,0,0,0,0,0,0,0,66,0,0,52,0,0,0,0,0,0,0,0,0,0,0,1,49,1,0,0,0,0,0,0,0,1,0,1022.0,0
Grimstorp,,57165,0,6,5,0,0,10,0,0,0,12,576,3,0,128,2,62,13,5,2,17,0,0,0,0,6,124,10,11,0,0,0,0,1241,45,16,0,3.9,0
Warszawa,,02-69,8,121,90,2,0,21,0,0,0,96,4651,2,3,1006,4,213,10,130,2,2,4,14,2,2,74,102,82,68,0,0,0,0,1905,147,15,10,9.5,0
Col. Los Jagueyes,,31978,21,35,17,7,0,0,20,89,6,75,15925,19,34,2133,8,89,89,36,3,0,24,38,38,4,157,122,777,171,70,0,0,0,91,91,40,9,18.1,0
Las Rozas de Madrid,,28232,5,6,647,4,0,0,0,20,0,133,5543,0,29,1530,2,201,13,36,3,0,0,5,0,5,85,11,29,24,7,0,0,0,322,21,122,0,11.4,0
Lincoln,Nebraska,68506,23,4,54,3,115,4,0,0,8,0,6494,0,93,296,9,74,9,0,0,0,15,10,4,0,64,18,73,928,0,14655,26,1546,2789,76,3,3,5.7,1
Elkhorn,Nebraska,68022,181,2536,2341,3034,623,78,795,2477,479,41385,168,2473,397,160,254,439,1111,0,68,0,462,4241,735,521,867,401,6121,10974,79,15043,57,49287,4762,598,13076,167,5.0,1
Kenesaw,Nebraska,68956,6,4,351,5,179,0,0,0,0,33,3065,56,10,524,19,19,0,31,436,0,13,34,4,0,11,70,46,2047,7,6679,8,1377,2858,105,78,0,9.2,0
Henderson,Nevada,89012,38,33,2651,49,329,34,0,35,10,0,2204,2,3,703,642,626,97,18,19,0,100,6,14,13,29,26,11,40,157,1311,69,256,76,56,23,13,21.6,0
Reno,Nevada,89511,0,2,32,0,285,53,0,0,0,1749,10409,0,3,123,0,49,0,0,0,0,0,0,7,0,5,10,2,4,0,318,8,157,64,23,0,0,10.3,0
Reno,Nevada,89511,0,0,29,0,192,4,2,0,0,131,48433,0,0,59,0,29,0,0,0,0,0,0,16,0,4,7,41,5,0,262,9,246,112,29,7,0,5.0,0
Reno,Nevada,89511,4,169,569,3,79,0,0,0,0,59,3954,2,3,321,3,818,12,12,26,0,4,14,6,16,13,7,10,12,4,1041,39,1541,412,65,90,9,11.5,0
Reno,Nevada,89509-6904,0,5,58,0,23,0,0,0,0,0,4511,0,2,43,0,221,8,0,4,0,0,2,0,0,40,6,2,11,0,1577,22,948,203,13,58,0,2.0,0
Sparks,Nevada,89436,0,3,1248,0,16,0,0,0,0,0,3362,0,11,338,0,114,0,5,49,0,2,20,4,19,0,9,0,0,0,2886,14,379,14,113,42,18,8663.0,0
Sparks,Nevada,89436-7090,7,5,134,0,0,17,0,12,0,192,671,15,0,139,5,173,5,30,0,0,4,22,8,10,1194,24,0,2,4,0,0,0,43,27,290,0,17.9,0
Las Vegas,Nevada,89149,6,5,210,6,0,0,0,3,0,0,3239,0,0,674,31,117,8,9,3,0,0,4,5,0,2,46,3,21,3,0,0,0,59,3,0,0,11.4,0
Amherst,New Hampshire,3031,5,4,100,8,215,8,12,0,0,70,1142,0,36,291,0,979,156,141,0,6,23,0,0,0,346,46,11,16,0,633,71,21,406,191,2,0,17.7,0
Pelham,New Hampshire,3076,0,0,5,0,17,0,0,0,0,0,1083,0,7,57,30,9,9,0,0,0,0,0,0,0,5,12,4,18,0,599,10,65,413,5,3,0,1.5,0
Loudon,New Hampshire,3307,0,0,8,352,0,23,0,0,0,10,1835,6,24,229,7,68,13,17,0,12,0,0,0,0,3944,8,4,28,2,0,0,0,1526,194,6,0,10.3,0
Mahwah,New Jersey,7430,0,2,9,0,34,0,0,0,0,0,2058,0,16,414,0,180,0,0,0,3,0,16,0,0,14,9,6,164,0,506,3,2904,858,4,2,0,2.4,0
Oceanport,New Jersey,7757,16,63,1045,54,3947,1159,11,64,32,1522,10055,10,1061,2420,102,516,1208,134,3,8,40,96,68,45,285,210,74,180,12,11856,191,826,733,152,18361,2,32.3,0
Jersey City,New Jersey,7302,0,0,18,0,54,0,0,0,0,0,399,22,0,31,6,0,0,0,0,0,0,2,0,0,3,0,0,6,0,41,0,14,303,0,13,0,2.8,0
Jersey City,New Jersey,7307,8,3,419,0,95,0,0,0,0,28,2899,0,19,358,3,87,5,31,3,0,0,0,0,0,29,4,24,35,0,557,10,62,432,27,10,0,8.2,0
Jersey City,New Jersey,7307,0,0,8,0,5,0,0,0,0,0,216,0,0,6,0,0,0,0,0,0,0,0,0,0,4,0,0,0,0,20,0,0,0,0,0,0,4.0,0
Jersey City,New Jersey,7307,0,0,18,0,73,0,0,0,0,0,1523,0,0,118,0,6,0,0,0,0,0,0,0,0,0,4,4,5,0,66,3,5,19,11,0,0,3.1,0
Trenton,New Jersey,8610,3,15,1761,22,1158,84,223,25,117,88,2133,14,163,224,107,231,336,0,76,33,94,14,15,160,100,53,14,17,240,1784,13,58,322,12,19,0,32.8,0
Cherry Hill,New Jersey,08003-3132,0,8,94,16,637,56,40,111,15,148,901,182,408,403,0,69,220,52,0,0,37,3,4,8,34,76,14,5,6,1120,2112,65,314,92,197,0,21.5,0
Milford,New Jersey,8848,0,10,138,13,371,16,63,11,0,112,3974,29,305,489,3,245,19,8,0,2,4,17,46,3,3,75,21,185,0,6818,288,847,8609,49,54,7,13.9,0
Chester,New Jersey,7930,0,27,106,5,0,40,75,0,10,355,787,9,79,2866,4,352,371,21,0,0,10,2,44,0,51,123,19,10,0,0,0,0,146,51,33,0,22.1,0
Mountainside,New Jersey,07092-2006,0,4,40,3,0,5,68,0,0,52,206,3,53,634,11,40,71,0,10,0,196,0,12,10,13,11,2,3,30,0,0,0,45,5,141,34,15.9,0
Cherry Hill,New Jersey,8003,0,0,57,12,0,13,6,0,0,22,1486,68,219,473,10,50,12,0,0,0,12,25,7,3,114,68,27,23,9,0,0,0,906,13,19,0,13.1,0
Watchung,New Jersey,7069,24,43,327,14,0,56,50,0,3,385,2566,7,336,728,8,182,58,52,28,0,15,2,10,0,46,67,46,9,18,0,0,0,318,183,17,0,24.1,0
Franklin lakes,New Jersey,7417,3,285,263,5,0,20,20,0,0,33,4520,4,150,780,92,146,913,6,7,0,5,6,2,0,77,66,9,399,289,0,0,0,3887,108,1266,0,12.6,0
Bloomingdale,New Jersey,7403,0,4,11,68,0,14,30,0,1,113,3,1,7,3,12,74,249,0,2682,30,46,2,3,16,31,4,4,1,0,0,0,0,24,17,31,0,24.0,1
Santa Fe,New Mexico,87508,17,9,2461,16,373,35,11,0,3,137,37376,21,19,32551,16,1009,4,122,2,645,10,7,8,64,57,14,970,2,97,7042,121,3150,1052,793,281,65,18.9,0
Albuquerque,New Mexico,87108,0,2,17,0,0,0,6,0,0,0,2621,0,5,24,0,44,0,0,0,0,0,13,2,0,3,10,0,17,3,0,0,0,28,3,116,0,3.4,0
Santa fe,New Mexico,87506,0,0,0,0,0,0,0,0,0,22,0,48,0,0,0,0,0,0,0,0,0,0,0,5,0,140,0,0,0,0,0,0,0,0,0,0,22.0,0
Silver City,New Mexico,88061,0,0,10,19,0,0,13,12,0,846,8818,3,20,386,37212,12,7,0,0,0,210,0,246,42,3,5,0,40,119,0,0,0,8,3,38,0,18.7,0
West Hempstead,New York,11552,0,0,2,0,38,0,0,0,0,0,8,1,8,4,0,0,0,0,0,0,0,0,0,0,0,13,0,0,0,3,9,1,1,1,0,0,3.972,0
Ithaca,New York,14850,5,30,2708,80,5966,125,294,9,21,372,4701,20,1348,3413,23,893,66,107,49,14,16,135,127,5,63,68,28,69,25,8596,134,1295,736,190,10,159,30.9,0
Brooklyn,New York,11211,7,3,2397,0,277,60,3,25,173,0,747,6,6,512,506,130,382,14,0,5,106,2,2,0,720,8,2,5,70,296,4,19,111,29,36,10,22.7,0
Clifton Park,New York,12065,0,7,10,0,140,8,0,2,0,2,580,0,3,530,560,36,0,9,1,0,1,0,0,0,3,110,6,140,0,770,11,2000,58,12,1,3,5.76,0
Albany,New York,12203,0,6,27,0,76,0,0,0,0,0,58,8,31,11,0,0,0,0,0,0,6,0,0,0,10,4,0,0,0,389,8,0,18,7,0,0,6.1,0
RIDGEWOOD,New York,11385,64,25,774,240,2881,139,11,48,198,642,5439,19,1330,3111,209,868,1323,27,3,0,130,5,33,5,56,113,31,39,26,5657,81,264,249,26,30,0,34.8,1
NY,New York,10028,4,2,270,2,10,3,0,1,2,64,21,2,8,56,28,10,0,460,0,0,5,2,0,0,2,14,1,10,1,110,3,46,6,5,31,10,9.9,1
oceanside,New York,11572,0,4,18,27,370,18,41,64,25,181,209,64,50,356,43,104,198,0,0,8,23,4,12,29,7,73,3,3,71,406,38,26,22,267,303,3,21.6,0
Brooklyn,New York,11201,0,0,5,0,0,0,0,0,0,0,50,4,3,271,0,81,0,145,0,0,0,6,0,0,6,7,0,0,0,0,0,0,6,11,170,0,8.5,0
Brooklyn,New York,11201,3,4,227,0,0,0,31,0,0,0,1761,2,75,156,0,51,0,35,3,0,0,3,0,0,6,4,4,16,0,0,0,0,446,12,25,0,7.5,0
Brooklyn,New York,11231-5014,0,0,49,0,0,0,0,0,0,0,430,0,12,27,0,13,4,0,0,0,0,0,0,0,3,12,2,2,0,0,0,0,48,10,14,0,1.7,0
Brooklyn,New York,11210-5237,0,4,263,2,0,30,53,37,0,992,26864,59,164,171,13,23,52,0,33,4,20,0,10,5,14,55,0,11,52,0,0,0,21,3,30,0,24.4,0
Brooklyn,New York,11213-3491,2,30,399,0,0,0,0,0,0,0,1472,0,15,57,9,33,0,0,4,0,7,0,0,0,16,7,7,18,20,0,0,0,355,6,7,0,3.8,0
New York,New York,10013,2,5,45,0,0,6,0,9,0,0,796,0,7,46,31,15,2,0,0,0,3,0,0,0,11,6,5,16,21,0,0,0,23,2,39,0,6.8,0
Brooklyn,New York,11249,248,36,218,50,0,16,274,244,27,1130,4610,655,174,467,233,612,198,148,6,13,269,5,67,7,104,64,17,89,155,0,0,0,322,154,198,6,31.6,0
Patchogue,New York,11772-2950,0,15,23,7,0,16,50,12,0,51,1305,4,53,838,30,853,119,3736,6,125,9,0,2,0,19,113,15,18,10,0,0,0,577,10,96,0,20.9,0
Woodside,New York,11377,24,6,720,7,0,12,0,210,1,20,210,2,74,610,9,97,4,120,5,2,11,1,2,1,1,160,4,15,7,0,0,0,15,29,25,230,14.91,0
Hartsdale,New York,10530-1157,0,85,10,46,0,64,0,167,424,407,60,151,684,8,143,94,137,15,0,0,21,0,0,0,15,41,64,24,6,0,0,0,303,0,306,33,4301.0,1
New York,New York,10003,0,3,55,0,0,0,0,0,0,32,229,0,31,56,5,38,0,0,0,0,4,0,0,2,71,34,18,4,4,0,0,0,22,0,9,0,9.1,1
Sag Harbor,New York,11963,0,35,24,4,0,36,8,58,0,347,12179,16,75,288,9,242,706,6,105,7,43,0,4,7,14,161,16,49,57,0,0,0,921,93,252,0,18.7,0
Cortland,New York,13045,3,6,100,1,0,150,0,0,32,1100,130,3,100,4100,2,13,32,8,0,0,4,2,2,0,5,190,19,280,0,0,0,0,1300,69,32,1,8.57,0
Poughkeepsie,New York,12603-4912,0,0,0,0,0,0,0,0,0,0,0,0,0,0,0,0,0,0,0,0,0,0,640,0,0,0,0,0,0,0,0,0,0,0,0,0,12493.0,0
Brooklyn,New York,11226-3703,0,6,46,1,0,0,0,4,0,0,1400,1,24,71,15,4,0,25,0,0,5,0,0,1,0,16,100,2,1,0,0,0,83,3,25,5,2.73,0
Clayton,North Carolina,27520,8,5,10,0,141,6,0,0,0,0,5305,0,151,273,2,43,0,0,0,0,0,0,0,0,32,14,8,37,0,3928,20,58,1461,203,3,0,3.4,0
Cleveland,North Carolina,27013,3,7,38,96,901,64,142,0,0,172,1917,5,1499,1283,11,495,11,0,2,0,797,5,3,0,56,66,79,44,0,4293,44,150,4416,129,0,0,20.2,1
Charlotte,North Carolina,28278,0,0,402,0,18,0,0,0,0,3308,71,0,476,173,0,0,0,0,0,0,0,514,0,0,2384,203,0,254,0,2239,271,106,251,276,556,0,4.7,0
Charlotte,North Carolina,28204,0,40,76,12,896,73,8,13,17,66,12259,8,424,763,2062,236,84,13,6,0,25,4,2,0,12,75,5,24,10,3126,64,64,1116,172,9,0,23.3,0
Apex,North Carolina,27502,10,11,137,0,193,2,0,0,0,0,835,27,65,64,12,25,0,0,3,0,36,0,0,0,4,5,3,27,37,849,3,18,345,27,6,0,7.7,0
Apex,North Carolina,27523,0,0,23,0,155,8,0,6,0,0,488,29,125,983,6,7,0,0,0,0,23,8,0,0,3,10,0,6,64,307,3,8,89,10,35,0,8.9,0
Mint Hill,North Carolina,28227-8153,3,18,110,6,0,158,37,18,7,1669,1948,21,210,1631,8,42,160,0,0,0,28,0,12,2,52,43,17,9,71,0,0,0,520,152,11,3,21.8,1
Saxapahaw,North Carolina,27340,0,45,2,17,0,14,23,64,0,156,16,52,37,0,6,16,13,0,3,41,3,1,18,0,51,2,22,7,4,0,0,0,141,6,23,0,12.7,0
Winterville,North Carolina,28590-9163,82,3,33,10,0,51,3,37,0,125,531,13,3365,1271,4,33,9,0,0,0,13,0,8,0,13,80,4,108,0,0,0,0,1664,26,8,0,14.5,0
Mebane,North Carolina,27302,0,0,15,13,0,7,30,0,0,127,906,5,48,306,55,78,30,0,0,0,27,11,11,0,12,25,17,17,14,0,0,0,2441,50,58,0,11.3,0
Charlotte,North Carolina,28204-3306,4,9,66,2,0,21,0,6,5,0,10993,3,1043,424,53,140,269,7,5,0,13,6,5,0,93,55,7,161,4,0,0,0,3440,80,26,2,14.2,0
Asheville,North Carolina,28805-1342,2,7,69,8,0,62,16,46,0,360,140,3,300,610,9,21,51,21,1,0,200,8,14,3,5,630,34,13,0,0,0,0,200,26,24,1,19.99,0
Gastonia,North Carolina,28056-8416,0,0,0,0,0,0,0,0,0,0,38,79,114,0,0,0,0,0,0,0,0,0,0,0,0,12,0,0,0,0,0,0,473,27,0,0,-3.3,1
Charlotte,North Carolina,28277,26,31,138,0,0,17,24,139,76,132,5,0,10,3,132,46,30,0,3,619,7,276,1794,106,8,8,30,14,110,0,0,0,21,23,211,0,22.6,1
Walnut Cove,North Carolina,27052,47,0,8,0,0,57,17,305,17,0,46,11,1087,78,215,0,0,0,0,0,13,0,0,0,44,3,2878,348,0,0,0,0,3345,416,22,0,-0.3,0
Raleigh,North Carolina,27615-4079,0,8,7,2,0,37,34,3,2,64,785,22,409,92,51,12,72,8,0,0,12,5,2,21,21,66,3,26,5,0,0,0,324,78,27,0,17.0,0
Chapel Hill,North Carolina,27516-1511,0,13,33,5,0,5,0,0,0,42,2608,7,199,227,14,144,34,8,0,0,7,639,0,0,35,54,21,33,6,0,0,0,1209,27,115,7,11.4,0
Minot,North Dakota,58701,0,0,116,0,20,0,0,0,0,24,70413,3,5,182,0,15,0,7,0,0,0,4,0,14,416,17,22,535,0,691,4,3550,841,3,18,0,4.9,0
Bottineau,North Dakota,58318,0,19,136,0,0,13,0,0,0,173,10753,3,5,9918,10,98,28,15,8,8,15,90,32,0,176,1578,256,430,0,0,0,0,2972,53,5,0,16.9,0
Pugwash,Nova Scotia,B0K1L0,0,0,27,688,0,554,0,8,0,2401,2315,171,790,2475,0,1609,677,268,10,5,27,16,32,20,318,597,8,21,0,0,0,0,1474,434,1148,189,26.4,0
Beavercreek,Ohio,45430,0,2,47,3,6,0,2,0,0,0,3555,5,16,35,7,39,11,0,0,0,0,0,5,0,8,11,23,39,2,1654,6,81,4246,60,3,0,1.7,0
Akron,Ohio,44313,2,8,315,22,447,15,10,9,0,188,1176,0,125,495,103,266,141,6,8,5,22,0,10,4,28,58,48,35,13,1585,27,144,450,21,10,0,20.1,0
Cincinnati,Ohio,45255,0,3,59,2,49,0,10,0,0,0,932,9,76,130,76,37,29,0,0,0,3,0,3,0,5,29,11,49,0,2499,3,201,2125,69,337,3,3.9,0
Lakewood,Ohio,44107,0,0,0,0,0,24,0,0,0,0,3,0,1,4,0,0,0,0,0,374,113,0,7,0,3,8,0,0,0,0,0,0,1,1,74,0,6.726,1
West Chester,Ohio,45071,0,2,33,0,0,0,3,8,19,0,1807,58,33,53,12,30,11,0,4,0,0,3,2,0,168,26,9,32,12,0,0,0,1097,23,14,0,7.3,0
Fairview Park,Ohio,44126-1248,0,0,309,0,0,0,4,0,0,0,188,6,2,18,19,5,0,12,0,0,0,0,0,10,13,3,3,6,7,0,0,0,207,4,13,0,2.4,0
Rocky River,Ohio,44116,0,14,98,1,0,4,0,0,0,94,82,4,55,92,1,9,7,71,0,0,10,1,2,3,1,71,21,1,4,0,0,0,140,7,190,27,5.45,1
Aurora,Ohio,44202-7659,0,7,14,4,0,47,16,0,0,163,4279,19,42,190,19,49,28,26,3,0,0,12,2,7,7,100,21,87,73,0,0,0,3601,26,395,0,9.2,1
Loveland,Ohio,45140,140,12,354,36,0,31,4,0,0,206,1768,2,37,314,5,196,60,93,7,9,15,5,7,40,21,40,44,74,6,0,0,0,4077,505,35,0,17.8,0
Delaware,Ohio,43015,0,0,18,0,0,6,0,0,0,0,792,0,6,632,0,71,3,6,0,0,0,0,0,0,3,9,7,115,0,0,0,0,1230,8,0,0,0.5,0
Norwalk,Ohio,44857-2427,2,4,16,11,0,4,0,7,0,0,1947,7,13,191,10,16,82,12,0,0,2,4,0,0,10,113,16,54,0,0,0,0,1497,178,252,0,5.5,0
Cleves,Ohio,45002,6,12,43,231,0,310,0,0,0,111,51,5,81,744,7,186,0,9,0,33,15,9,31,0,16,296,130,4,4,0,0,0,338,56,47,0,18.2,0
Gibsonburg,Ohio,43431,1,11,9,2,0,10,1,0,0,67,760,14,11,400,6,1,4,11,0,0,2,1,1,0,1,140,840,130,0,0,0,0,2600,23,7,3,-0.89,0
Avon,Ohio,44011-1249,0,8,27,20,0,6,93,41,0,321,250,14,106,253,14,16,199,0,0,0,0,5,4,3,16,22,5,11,39,0,0,0,212,6,124,4,15.4,0
Rocky River,Ohio,44116,0,0,5,0,0,0,0,12,0,65,165,9,3,159,0,4,163,0,0,0,6,3,0,8,6,13,3,9,123,0,0,0,92,0,474,0,5.2,0
Avon Lake,Ohio,44012,0,0,35,4,0,0,6,0,0,30,719,0,64,64,0,12,0,0,0,0,0,0,0,0,0,5,0,4,0,0,0,0,90,4,7,0,4.8,0
Delaware,Ohio,43015-1274,4,8,73,85,0,14,10,0,0,460,2300,117,45,364,13,117,119,50,3,0,7,7,6,0,23,68,78,239,224,0,0,0,7211,7,25,0,13.7,0
Broken Arrow,Oklahoma,74011,4,3,556,5,6832,32,22,0,28,0,15458,2,55,280,15,22,17,0,2,0,17,5,5,3,42,24,23,349,8,3835,7,301,1522,25,6,0,14.5,0
Tulsa,Oklahoma,74135,10,0,208,0,322,33,27,0,0,171,5941,12,163,692,20,46,22,0,3,0,58,34,37,0,53,105,9,141,9,2268,9,177,500,11,4,0,19.4,0
Oklahoma city,Oklahoma,73150,0,9,103,9,56,0,0,0,3,26,8380,0,35,95,11,172,34,23,0,0,25,4,0,6,22,12,4,18,6,58,143,66,127,50,112,0,12.2,0
Ottawa,Ontario,K2K 2S4,0,0,32,0,35,0,0,0,0,2855,50,162,23,23,0,62,0,0,0,5587,104,0,0,0,0,103,146,0,0,530,54,1669,136,13,31,0,8.1,0
Greater Sudbury,Ontario,P3A 5P8,0,0,28,30,0,3,0,0,0,179,1689,0,5,857,0,139,19,76,0,0,0,9,2,5,6,42,4,35,0,0,0,0,247,33,259,0,8.6,0
North Lancaster,Ontario,K0C 1Z0,0,33,320,17,0,41,0,0,0,0,40569,0,180,839,8,868,8,65,2,5,20,7,6,0,56,104,1295,25,0,0,0,0,1419,30,6,3,16.8,0
Bradford,Ontario,L3Z 4K1,5,9,49,0,0,3,0,0,0,0,0,4,8,410,0,157,3,23,0,34,0,5,2,0,24,26,71,20,0,0,0,0,114,12,3,0,8.1,0
Oakville,Ontario,L6M 0H3,0,0,28,30,0,3,0,0,0,179,1689,0,5,857,0,139,19,76,0,0,0,9,2,5,6,42,4,35,0,0,0,0,247,33,259,0,8.6,0
New Liskeard,Ontario,P0J10,0,0,0,0,0,10,0,0,0,53,11190,3,3,563,0,7,81,130,3,8,0,0,0,14,34,12,2,16,0,0,0,0,289,46,76,0,10.6,1
St Thomas,Ontario,N5R 3S9,0,0,7,0,0,0,0,0,0,0,368,0,245,0,0,16,0,0,0,0,0,0,0,0,5,3,8,27,0,0,0,0,658,4,0,0,-1.3,0
Applegate,Oregon,97530,7,25,201,15,391,10,0,0,0,121,12669,1,2,10843,14,4803,6292,420,20,358,29,53,27,16,853,175,2030,85,10,14202,64,10945,1111,4354,101,1,20.0,0
Veneta,Oregon,97487,0,0,16,3,182,11,0,0,0,38,998,0,3,124,5,129,37,60,0,0,14,14,8,0,12,18,26,4,0,1139,83,187,148,340,4,0,9.1,0
Portland,Oregon,97203-4234,0,54,763,0,0,22,4,0,0,33,1130,53,137,1107,18,1173,919,83,15,9,14,4,26,0,43,172,163,3,4,0,0,0,52,97,113,3,21.0,0
Salem,Oregon,97306-6909,3,13,1400,0,0,20,0,10,1,150,350,2,6,310,3,72,7,110,5,1,12,2,3,1,3,170,6,21,0,0,0,0,60,16,75,8,12.5,0
Eugene,Oregon,97404,0,26,17,0,0,0,0,0,0,0,1755,0,3,10,8,7280,8,21,4,0,3,3,6,3,15,32,69,78,0,0,0,0,4730,10,0,7,2.0,0
St Helens,Oregon,97051-2723,2,9,39,0,0,12,0,0,0,0,560,0,0,100,7,34,15,23,0,0,0,0,0,0,12,99,0,17,0,0,0,0,28,8,170,1,4.16,1
Tualatin,Oregon,97062-9552,0,10,983,0,0,39,0,0,0,49,3271,19,640,461,144,1510,403,65,25,10,5,3,4,0,47,125,15,5,0,0,0,0,452,28,173,0,20.5,0
west linn,Oregon,97068,1,2,2,1,0,8,0,0,1,570,130,12,2,130,1,20,30,180,0,0,0,1,1,130,1,120,7,0,360,0,0,0,310,110,2200,1,2.88,0
Scio,Oregon,97374-9766,0,5,22,0,0,8,0,0,0,0,2630,0,5,1062,0,313,349,0,0,0,0,9,6,3,23,94,21,14,0,0,0,0,1458,19,18,0,6.5,0
Hood River,Oregon,97031,0,5,27,1,0,5,2,0,0,8,2900,9,23,50,0,10,57,170,0,0,1,0,1,4,0,34,50,4,3,0,0,0,91,9,180,5,2.8,0
Corvallis,Oregon,97333-2928,0,0,64,1,0,16,0,0,0,14,190,1,3,82,4,23,8,5,1,0,0,1,2,0,2,46,7,13,0,0,0,0,120,6,3,3,2.52,0
Portland,Oregon,97220,0,130,5200,250,0,1400,2,37,1,520,3300,3,26,11000,24,300,47,370,4,2,20,10,15,6,23,6500,29,120,1,0,0,0,570,79,700,12,21.63,0
Damascus,Oregon,97089-8860,0,20,24,2,0,35,0,0,0,31,220,11,10,250,12,66,570,13,0,1,5,2,2,1,4,54,8,33,3,0,0,0,2700,10,44,0,7.07,1
Corvallis,Oregon,97330,0,18,20,0,0,0,0,0,0,7,2418,0,10,135,67,203,10,23,4,95,6,3,11,0,50,7,12,2,0,0,0,0,15750,56,12,7,7.8,0
Cranberry Township,Pennsylvania,16066,0,9,13,22,418,0,7,0,0,0,171,10,9,3165,0,298,0,0,0,0,0,0,4,0,11,17,4,13,0,296,5,24,128,6,16,0,9.6,0
Uniontown,Pennsylvania,15401,0,2,49,2,420,13,3,5,0,290,180,2,32,330,0,3,8,2,0,0,4,2,7,2,0,390,9,18,9,220,7,130,220,8,39,0,9.28,0
Denver,Pennsylvania,17517,2,1100,6,52,6300,440,22,24,2,590,540,210,310,650,5,41,1100,100,13,0,63,39,42,1,56,1300,57,990,1,2900,32,3400,1100,39,15,0,27.68,0
Pittsburgh,Pennsylvania,15214,1,1,110,3,300,15,5,430,19,950,460,150,70,4100,53,11,260,220,1,1,4,19,2,71,19,290,27,4,7,370,35,620,100,12,6500,140,20.53,1
philadelphia,Pennsylvania,19106,7,3,40,0,81,7,0,51,0,19,130,1,9,50,1,11,2,12,0,0,12,0,1,0,0,67,57,1,0,360,2,380,56,1,37,1,8.25,0
Jenkintown,Pennsylvania,19046,0,1,4,0,18,0,1,4,0,39,27,1,5,43,5,270,0,120,0,0,1,0,0,0,0,6,5,13,0,77,2,35,13,2,320,180,2.08,0
DEVON,Pennsylvania,19333,1,15,65,20,0,3,3,0,0,26,130,8,170,150,20,74,58,4,0,0,15,2,3,1,0,61,17,300,4,0,0,0,250,71,36,1,6.57,0
New Kensington,Pennsylvania,15068,1,3,570,0,0,5,0,6,0,110,130,4,9,190,0,9,13,16,0,0,4,1,6,3,1,100,1,82,0,0,0,0,180,48,110,0,5.63,0
Pittsburgh,Pennsylvania,15222,0,7,117,0,0,4,0,0,0,0,210,8,6,273,0,38,37,8,0,0,8,0,0,0,17,6,0,3,0,0,0,0,104,9,21,0,8.9,1
Lewistown,Pennsylvania,17044,8,21,7500,22,0,560,10,5,6,1000,3400,5,650,790,9,230,2500,250,110,4,830,9,200,2,92,750,23,430,1,0,0,0,500,32,290,8,30.58,1
Downingtown,Pennsylvania,19335-4135,0,3,230,100,0,10,1,0,3,120,190,46,170,210,14,14,54,110,0,0,5,110,5,1,8,180,48,8,6,0,0,0,320,160,71,1,15.58,0
Boiling Springs,Pennsylvania,17007-9415,2,6,45,4,0,0,15,12,0,460,970,8,77,612,6,18,6,0,4,0,7,4,5,0,2,49,18,57,4,0,0,0,981,44,171,0,9.1,1
Shippensburg,Pennsylvania,17257,0,5,632,9,0,25,10,58,12,146,701,22,38,4368,14,1123,50,0,11,0,266,7,4,0,4,57,11,26,10,0,0,0,868,13,45,0,22.2,0
Woodlyn,Pennsylvania,19094-1013,10,23,198,38,0,11,118,133,8,130,1087,26,95,588,48,167,53,84,27,2,116,581,8,0,268,840,153,14,17,0,0,0,339,271,115,15,26.4,1
Folsom,Pennsylvania,19033-2211,10,80,213,14,0,16,5,31,6,0,3921,10,75,485,92,279,156,156,7,0,10,28,9,0,24,47,43,158,157,0,0,0,5738,45,11,3,15.0,0
Folsom,Pennsylvania,19033-2211,10,80,213,14,0,16,5,31,6,0,3921,10,75,485,92,279,156,156,7,0,10,28,9,0,24,47,43,158,157,0,0,0,5738,45,11,3,15.0,0
Downingtown,Pennsylvania,19335-2031,0,600,89,0,0,122,170,0,2,0,162,10,794,42,17,63,5,0,12,0,36,2,198,21,21,212,2335,306,0,0,0,0,4870,82,155,4,7.2,0
Carlisle,Pennsylvania,17013-1604,3,23,3087,25,0,36,33,0,0,62,20813,57,598,1300,38,472,23,64,92,5,9,24,20,12,262,256,110,635,3,0,0,0,12259,181,204,10,22.1,0
Phoenixville,Pennsylvania,19460,0,6,52,9,0,3,7,0,7,44,569,55,26,203,45,28,45,0,0,0,24,0,4,2,31,11,3,25,107,0,0,0,877,37,29,0,11.9,0
Huntingdon Valley,Pennsylvania,19006-4719,0,4,5,0,0,0,0,0,0,0,89,9,53,86,28,6,15,0,0,0,5,0,0,0,0,9,0,3,31,0,0,0,55,3,37,0,5.6,0
Saint-Zotique,Quebec,J0P 1Z0,3,25,127,0,0,12,0,0,0,50,10556,13,59,269,0,134,26,8,28,7,3,5,5,7,17,48,14,75,0,0,0,0,770,17,20,4,13.8,0
Wakefield,Quebec,J0X 3G0,0,0,7,0,0,0,0,11,8,9,9,4,3,44,0,0,0,2,0,0,2,0,0,1,6,2,70,3,0,0,0,0,4,2,2,0,2.84,0
Moose Jaw,Saskatchewan,S6H 3R7,6,10,383,57,0,23,42,25,7,27089,3081,15,50,4217,14,477,108,44,18,2,57,35,208,53,9,388,117,226,34,0,0,0,143,72,4054,0,27.9,0
Abbeville,South Carolina,29620,9,8,83,12,480,52,4,66,32,126,24374,63,370,3778,41,281,169,39,0,0,145,4,10,0,160,184,16,57,4,2613,80,112,7313,198,394,2,23.7,0
Starr,South Carolina,29684,0,25,965,14,0,79,0,41,0,478,4125,57,305,3482,3,110,120,69,0,0,100,19,133,3,313,99,35,55,2,0,0,0,922,4147,48,0,23.1,0
Charleston,South Carolina,29407,2,6,63,4,0,20,59,0,0,0,851,13,73,79,3,89,0,0,2,0,16,0,4,4,11,15,3,11,4,0,0,0,243,51,0,0,13.6,0
Charleston,South Carolina,29412-4545,1,6,33,0,0,6,0,351,26,27,32,0,84,0,0,10,25,1,0,0,0,0,0,10,1,3,1481,0,0,0,0,0,2323,0,0,0,-2953.0,0
Ooltewah,Tennessee,37363,0,109,21,89,607,114,201,0,0,2780,12,13,1679,13,33,46,56,0,31,0,152,3,330,330,24,2130,1062,178,0,5256,61,279,984,51,619,0,18.0,1
Hendersonville,Tennessee,37075,2,1,7,0,130,48,3,4,1,160,130,0,960,290,13,4,1,0,0,0,6,0,1,0,0,130,3,300,0,840,19,710,630,170,1,8,4.43,0
Nashville,Tennessee,37206,1,85,36,6,520,8,0,10,4,33,680,2,1100,210,4,25,130,12,0,0,45,2,4,15,26,53,38,310,1,6400,64,960,1200,25,130,56,10.54,0
Maryville,Tennessee,37803,0,2,101,0,77,4,0,0,0,32,326,0,118,108,14,44,14,0,3,0,4,0,3,0,37,36,7,11,0,1007,29,13,341,261,9,0,8.0,0
Goodlettsville,Tennessee,37072-7147,8,4,37,28,0,29,74,9,0,142,1416,5,164,1065,12,114,223,0,6,0,41,2,14,0,49,28,29,93,4,0,0,0,2157,107,18,0,17.3,1
Corey Court,Tennessee,TN,0,0,0,0,0,0,3,0,0,0,3059,0,36,11,5,6,0,0,0,0,0,0,0,0,6,8,0,38,0,0,0,0,2738,106,3,0,-1.6,0
,Tennessee,38224,7,8,320,15,0,130,13,930,2,3600,280,17,300,880,6,48,10,260,1,1,100,3,8,36,3,1100,28,570,5,0,0,0,610,17,15,1,25.06,0
Franklin,Tennessee,37064,0,3,219,0,0,5,3,0,0,240,325,6,48,261,34,153,3,11,0,0,7,0,3,3,16,20,21,13,0,0,0,0,2059,24,77,0,10.5,0
Nashville,Tennessee,37205,43,8,140,0,0,73,3,0,0,24,3106,7,396,3234,34,210,251,8,2,0,13,12,6,0,66,29,21,144,12,0,0,0,1089,54,18,0,16.3,0
Fayetteville,Tennessee,37334,3,9,51,2,0,40,0,8,3,1800,48,1,26,310,2,27,0,0,0,0,37,0,14,1,0,500,36,120,0,0,0,0,2000,14,5,37,7.7,0
conroe,Texas,77304,11,22,15,0,716,8,39,0,0,0,1842,5,0,241,21,7,0,0,4,0,9,0,4,0,40,31,2,139,8,4685,3,53,1016,25,14,0,7.7,0
New Braunfels,Texas,78130,42,7,473,12,520,46,67,38,18,39,7934,70,1466,2394,20,605,346,24,14,0,167,9,42,8,53,61,29,187,48,17929,88,89,209,75,237,6,26.6,0
San Antonio,Texas,78249,4,0,171,4,282,3,0,0,6,0,2573,19,116,101,0,292,0,209,5,0,3,0,2,2,9,7,0,789,23,2067,69,70,894,37,24,4,6.5,0
Fortworth,Texas,76177,2,0,48,0,19,0,0,0,0,100,392,0,7,33,3,17,0,0,0,0,0,0,0,0,7,4,0,8,0,151,0,5,43,9,0,0,7.1,0
Austin,Texas,78704,66,35,108,6,6179,2,0,52,3,65,3813,5,312,1234,31,29,5,5,1,0,6,9,1,1,111,10,849,5,6,9773,19,99,9018,0,16,1,18.1,0
austin,Texas,78748,0,0,0,0,1,0,0,0,0,0,16,0,0,5,6,0,0,4,0,0,1,0,3,0,0,0,0,4,2,7,0,260,3,0,0,0,-0.88,0
Austin,Texas,78732,0,0,0,0,203,0,0,0,0,0,233,0,3,5,0,0,0,0,0,0,0,0,0,0,0,0,0,7,0,251,0,3,31,0,0,0,0.6,0
Hewitt,Texas,76643,45,6,109,7,463,6,5,0,0,0,5927,0,270,333,4,5,0,0,5,0,5,5,6,0,7,20,13,1810,3,26,14,531,2191,13,0,0,6.9,1
Newton,Texas,75966-6305,8,26,94,190,1400,2300,12,31,3,980,920,24,1700,3200,59,30,7,26,1,1,140,5,17,0,20,2200,52,1300,4,9300,110,260,4200,230,97,10,21.6,0
Newton,Texas,75966-6305,5,4,21,8,670,251,1,19,0,35,2100,13,3100,4700,5,34,0,30,11,0,6,4,6,0,4,440,39,420,0,6700,120,300,7500,130,79,1,11.82,0
Temple,Texas,Temple,63,3,235,0,318,3,3,7,0,28,4224,4,104,154,10,18,0,0,18,0,10,28,5,0,17,81,6,1113,0,7085,14,375,14511,13,10,0,10.8,0
Austin,Texas,78741-3709,5,6,399,10,296,7,17,16,3,218,1536,3,1206,387,55,68,66,0,8,0,116,3,122,2,36,43,12,54,12,3312,8,70,128,7,39,0,22.7,0
Dallas,Texas,75214-4006,18,6,312,9,9552,107,15,34,143,33,7783,76,940,8430,46,96,1949,5,7,0,211,4,16,16,42,243,2,180,165,3189,6,490,1038,30,232,0,18.7,0
West Lake Hills,Texas,78746-3432,0,0,319,12,0,6,13,0,0,0,13130,12,1505,172,20,0,14,6,8,0,61,0,0,17,9,18,0,492,21,0,0,0,1456,14,51,0,10.8,0
Austin,Texas,78759-6906,68,4,1057,53,0,4,45,3,4,70,9898,30,716,746,215,204,29,35,0,0,59,24,13,20,38,71,7,363,51,0,0,0,2340,159,168,44,21.0,0
Houston,Texas,77057-1617,0,3,9,1,0,5,0,4,2,0,41,110,44,110,3,1,3,8,0,0,6,0,0,0,0,46,0,30,1,0,0,0,14,1,200,0,7.56,0
Austin,Texas,78727-6628,4,9,185,9,0,6,0,30,5,249,10395,3,227,209,6,38,145,0,9,0,6,94,0,0,341,22,10,763,3,0,0,0,780,34,3,0,16.3,0
Highland Village,Texas,75077-1827,0,10,541,23,0,6,8,0,0,0,4503,3,239,510,249,48,0,0,14,0,33,0,80,0,3,97,18,98,14,0,0,0,158,19,109,0,13.7,0
Midland,Texas,79706-1720,0,0,382,0,0,0,0,0,0,0,2984,0,2,256,6,0,0,0,0,0,0,0,0,0,87,4,0,446,4,0,0,0,110,14,6,0,0.8,0
MASON,Texas,76856,12,3,38,5,0,4,9,45,0,69,1682,5,100,145,5,10,0,19,0,0,9,0,0,0,3,790,5,117,7,0,0,0,413,28,111,0,11.5,0
Tyler,Texas,75701-8243,22,5,184,0,0,30,19,34,41,59,4097,15,235,318,11,192,505,10,12,3,70,12,3,14,2839,162,18,123,69,0,0,0,771,95,38,3,24.5,1
Aledo,Texas,76008,7,0,84,0,0,0,0,0,0,0,1086,0,71,269,8,54,0,7,0,0,4,0,0,0,11,28,0,114,0,0,0,0,338,11,4,2,6.0,0
Austin,Texas,78745-3793,7,4,8,2,0,4,5,15,15,0,2478,2,50,143,12,14,6,0,2,3,9,0,2,0,26,26,3,65,3,0,0,0,146,4,12,0,12.3,0
Aubrey,Texas,76227,0,0,0,0,0,0,0,0,0,45,0,3,0,0,0,0,0,0,0,0,0,0,0,3,0,215,0,0,0,0,0,0,0,0,0,0,14.0,1
Spring,Texas,77389-1556,6,2,77,0,0,5,29,3,0,72,473,5,266,1477,41,45,14,22,0,0,11,19,0,3,38,138,5,21,30,0,0,0,885,422,185,0,15.4,0
Pflugerville,Texas,78660,6,0,176,0,0,0,0,0,0,0,1181,0,53,614,0,70,0,5,0,0,0,0,0,0,7,5,4,385,0,0,0,0,3887,10,6,0,1.8,0
Bulverde,Texas,78163,0,0,3,0,0,0,0,0,0,0,441,0,39,107,0,283,0,0,0,0,0,0,0,0,14,9,9,29,0,0,0,0,446,4,3,0,2.3,0
Austin,Texas,78757,16,5,173,1,0,0,1,0,1,0,103,18,72,205,12,5,3,0,3,0,2,2,2,1,3,3,159,2,11,0,0,0,1094,3,10,1,4.3,0
San Antonio,Texas,78204-2408,5,0,123,10,0,0,0,0,83,0,1172,4,66,194,10,8,2,0,2,0,13,0,4,4,39,34,2,180,4,0,0,0,378,10,0,0,10.8,0
Plano,Texas,75025-3446,33,2,225,6,0,4,2,23,0,24,4528,17,226,286,7,28,39,0,2,0,5,0,3,2,24,37,3,628,11,0,0,0,1298,8,12,0,12.6,0
Converse,Texas,78109,9,4,278,5,0,0,0,1149,0,0,2668,2,197,132,1787,98,4,158,5,0,13,0,0,0,14,101,3,264,41,0,0,0,1989,178,50759,3,9.2,0
Johnson City,Texas,78636,25,2,522,9,0,3,30,13,7,29,1548,21,564,491,18,56,0,8,7,0,7,13,41,4,64,64,17,341,4,0,0,0,456,19,232,0,17.9,0
Austin,Texas,78717,4,6,549,211,0,3,0,0,0,0,20884,0,370,256,4,15,3,0,0,5,3,0,4,2,24,28,13,955,0,0,0,0,3663,14,4,0,8.4,0
New Braunfels,Texas,78132,8,7,94,0,0,7,13,25,0,634,778,23,178,644,4,56,0,0,7,0,34,34,34,0,23,43,12,171,12,0,0,0,1272,20,57,0,15.3,0
Flower Mound,Texas,75028,24,2,19,6,0,0,8,4,6,0,1374,3,80,293,9,15,0,11,0,0,12,0,2,11,8,15,3,542,4,0,0,0,1936,79,28,107,4.1,0
Austin,Texas,78747-1925,6,0,86,0,0,0,4,0,0,0,514,3,60,29,0,4,0,0,3,0,3,0,5,0,10,15,4,175,0,0,0,0,619,3,2,0,4.9,0
Boerne,Texas,78006,10,9,86,3,0,92,23,21,0,196,1346,17,422,3712,5,25,0,0,3,0,12,14,5,11,28,298,6,255,38,0,0,0,961,17,254,0,16.0,0
South Jordan,Utah,84095,3,8,1018,3,87,0,10,0,0,0,699,0,0,313,6,31,15,0,25,3,13,20,12,2,5,22,5,16,3,399,26,1024,103,68,17,3,9.3,0
Riverton,Utah,84065,0,0,632,0,223,0,0,0,0,0,1551,0,0,512,33,31,3,59,0,0,6,9,0,0,7,22,8,68,38,483,6,805,120,4,3,0,6.4,0
West Jordan,Utah,84081-5085,0,6,42,0,0,0,0,0,0,0,1655,0,26,97,0,17,0,54,0,0,0,7,0,0,0,5,0,8,0,0,0,0,108,15,32,0,3.1,1
Winooski,Vermont,5404,1,38,110,2,510,21,4,0,0,61,190,2,73,400,6,49,470,320,13,1,20,3,5,0,1,500,77,22,1,1500,40,1400,240,110,150,6,12.78,1
Westford,Vermont,5494,0,0,3,0,0,6,0,0,0,0,4,0,24,2,1,0,0,0,0,36,0,0,4,0,0,5,0,0,0,0,0,0,1,0,0,0,6.396,0
Virginia Beach,Virginia,23456,0,5,11,17,233,0,0,18,0,0,1914,7,99,174,4,29,10,0,0,0,12,0,3,0,32,74,22,14,4,976,21,21,587,136,21,0,8.1,0
Henrico,Virginia,23233,0,120,190,15,2700,100,0,0,9,1200,470,47,1500,530,130,10,80,22,0,0,64,2,1,12,3,4300,38,480,8,2300,140,980,1200,11,240,0,18.73,0
Linden,Virginia,22642,35,6812,2560,108,3212,152,34,143,11,968,3252,128,251,2149,142,246,32,28,5,3,455,385,84,2,183,320,101,111,0,7965,167,340,406,264,28,17,36.1,0
Bridgewater,Virginia,22812,3,13,510,46,1414,53,119,0,0,97,3887,54,2847,2974,39,285,18,673,289,6,29,31,54,60,177,341,171,57,230,3455,65,1148,1493,272,32,7,27.0,0
Portsmouth,Virginia,23703,8,3,32,2,230,13,4,84,1,100,150,45,360,190,0,4,59,32,1,0,1400,1,5,2,5,64,7,35,28,480,46,2000,310,21,49,1,13.41,1
falls Church Va,Virginia,22042,8,21,220,44,2948,51,61,259,88,426,3029,156,411,3539,59,195,241,37,27,11,261,13,21,131,83,248,39,38,294,2147,66,175,1417,450,811,31,30.5,0
Midlothian,Virginia,23112,0,119,4,0,125,0,7623,214,0,6299,22,475,130,9,121,5,0,0,0,0,299,0,309,211,78,65,656,45,7,1885,50,115,220,305,48,0,16.8,1
Arlington,Virginia,22206,0,0,33,0,22,8,0,3,0,6,520,1,6,44,2,1,120,2,0,0,2,1,0,0,0,200,0,10,0,99,2,18,13,4,8,0,8.27,0
Charlottesville,Virginia,22902-5437,0,3,42,35,261,0,32,52,5,0,85759,16,283,1398,367,1631,101,22,0,0,185,10,6,0,10,20,25,114,1397,3266,69,437,10963,243,327,6,12.8,0
Charlottesville,Virginia,22902-5437,0,0,62,4,0,9,0,0,0,0,1033,4,95,617,0,208,0,1195,5,0,8,604,0,0,16,27,13,120,0,0,0,0,2041,27,34,0,11.5,0
Aldie,Virginia,20105-6218,53,7,197,0,0,17,0,1148,30,144,3102,0,56,24193,16,59,0,7,31,0,10,3,0,0,5,34,17,125,3,0,0,0,3862,114,15,0,16.9,0
Ashburn,Virginia,20147-4431,1,10,110,4,0,6,1,0,1,5,450,7,240,97,2,3,2,7,1,0,1,0,4,3,0,55,19,130,1,0,0,0,400,5,43,1,2.89,0
Mechanicsville,Virginia,23116,0,17,30,0,0,0,0,17,0,114,2272,346,273,82,19,26,33,53,5,0,38,5,5,3,34,21,13,22,16,0,0,0,1949,15,4,0,14.7,0
Richmond,Virginia,23231-1207,5,43,520,0,0,2,0,24,1,11,960,9,350,280,22,43,3,62,0,0,14,2,0,1,2,230,170,23,5,0,0,0,940,51,110,3,9.02,0
Centreville,Virginia,20121,0,0,12,0,0,41,9,20,8,258,2602,2,93,252,4,20,110,0,0,0,9,3,0,0,26,53,4,25,0,0,0,0,748,34,51,0,12.2,0
Richmond,Virginia,23235-6202,44,46,1048,52392,0,44,68,19827,587,59639,863,8934,156,14018,1448,442,152,349,6,6,251,3033,57148,4,510,552,103,15,2869,0,0,0,250,1898,14060,0,47.6,0
Chesapeake,Virginia,23320-2955,6,20,206,19,0,20,27,11,0,179,1076,15,209,793,9,182,164,83,4,0,215,4,0,0,68,45,22,75,0,0,0,0,812,151,6,0,20.2,0
Lynchburg,Virginia,24503-3857,0,0,86,0,0,0,0,0,0,0,0,174,0,0,3366,0,0,0,0,1429,569,0,6,6,0,1860,0,0,81,0,0,0,22,476,0,0,14.0,0
Lynchburg,Virginia,24503-3857,0,0,0,0,0,0,74,0,0,0,0,0,0,0,0,0,0,0,0,0,0,0,0,0,0,0,0,6,0,0,0,0,0,0,0,0,0.0,0
Ashburn,Virginia,20148,2,30,48,1,0,12,4,3,0,13,6400,7,140,110,6,150,0,12,0,0,18,3,2,3,30,200,3400,320,2,0,0,0,6800,49,26,0,4.65,0
Shoreline,Washington,98177,3,50,195,0,227,223,0,0,16,28,1218,6,3,219,22,619,190,971,0,0,0,3,5,0,38,11,18,3,0,6129,380,1211,922,50,76,11,13.0,0
Bonney lake,Washington,98391,33,12,276,0,185,77,0,0,0,106,1945,4,27,2011,4,390,250,24,63,0,0,19,0,28,14,34,25,4,0,3844,136,85,1191,76,63,0,17.7,0
Puyallup,Washington,98373,1,53,2300,2,340,170,0,0,0,70,810,5,15,4500,6,330,110,370,89,4,11,18,3,5,25,130,37,7,1,2700,130,1700,180,43,380,38,18.64,0
Seattle,Washington,98125,0,1,11,0,3,1,0,0,0,10,20,0,0,52,2,8,2,250,0,0,1,0,1,3,0,34,7,1,0,410,7,700,290,40,1100,3,-3.29,0
Vancouver,Washington,98682,0,11,23,0,1600,15,0,0,0,120,250,1,9,1400,15,71,140,160,0,0,1,1,2,3,3,140,12,6,0,1100,730,1200,200,220,88,4,8.13,1
Lynnwood,Washington,98037,0,3,23,0,51,10,0,0,0,21,38,2,0,210,8,8,210,36,0,0,1,0,0,3,0,180,1,0,0,200,5,170,25,16,190,2,8.08,0
Lynnwood,Washington,98087,0,1,170,0,33,200,0,0,0,130,150,21,13,130,0,46,17,19,0,0,1,0,5,5,1,28,8,15,0,2100,80,720,90,9,120,13,5.65,0
Veradale,Washington,99037,0,5,110,0,170,0,0,0,0,10,2200,18,4,360,1,10,7,200,0,0,6,39,13,5,0,57,0,22,0,240,3,5700,130,7,780,0,10.01,0
Bellingham,Washington,98226,0,110,31,0,16,0,0,0,0,0,4950,0,3,631,0,116,0,109,0,0,4,4,0,2,29,12,9,8,0,1758,96,749,2823,40,10,6,3.1,0
West Richland,Washington,99353-7420,0,3,3400,160,0,16,0,9,0,280,130,150,2,100,30,76,2,530,4,2,25,9,0,73,4,8,5,52,8,0,0,0,39,3,660,30,14.27,1
,Washington,98033,0,20,1500,0,0,20,0,7,4,71,200,2,4,63,0,50,4,180,0,0,0,0,3,4,5,0,6,0,0,0,0,0,4,21,89,0,11.17,0
Renton,Washington,98059,0,17,25,0,0,17,0,0,0,0,3247,0,7,582,0,256,102,9,0,0,2,0,0,0,11,84,0,2,0,0,0,0,923,67,79,0,8.2,0
Spokane,Washington,99207,19,15,250,1,0,36,0,47,2,89,1900,1,3,1200,36,84,68,1200,0,1,14,12,10,4,2,60,160,0,31,0,0,0,63,50,1100,6,14.18,0
Bellingham,Washington,98229-2700,0,5,3,0,0,0,0,0,0,0,8042,0,0,274,3,26,0,14,0,0,3,3,0,0,24,0,0,43,0,0,0,0,155,0,5,0,3.1,0
Seattle,Washington,98199,0,4,24,0,0,9,0,0,0,84,434,0,0,98,4,114,7,204,6,0,0,0,2,0,57,4,3,0,0,0,0,0,96,0,37,0,9.9,0
Lynden,Washington,98264,415,31,22,0,0,25,30,357,0,616,52,0,3,23,28,78,212,0,0,78,6,12,32,3,4,3,233,9,0,0,0,0,286,153,7,8,14.0,0
Spokane valley,Washington,99212,0,8,67,0,0,0,5,0,0,226,2231,110,201,199,6,50,26,196,0,0,2,16,0,16,19,15,0,5,223,0,0,0,115,57,1039,2,12.0,0
Lynden,Washington,98264,0,0,0,0,0,4,0,0,0,0,136,0,0,30,0,9,0,0,0,0,0,1024,0,0,0,11,324,14,0,0,0,0,103,918,0,0,-4.5,0
Redmond,Washington,98052,0,3,28,0,0,0,0,0,0,2,830,1,1,170,8,18,0,37,0,0,2,3,1,1,0,38,3,31,0,0,0,0,13,42,4,0,3.34,0
SHELTON,Washington,98584,1,2,130,0,0,3300,0,2,0,230,320,6,43,58000,0,2300,680,65,0,1,34,3,28,9,2900,2500,120,170,0,0,0,0,26,61,250,13,19.69,0
Bellingham,Washington,98226,3,11,134,0,0,21,2,0,0,128,870,1142,21,562,18,100,139,541,3,0,3,0,0,3,15,13,14,5,8,0,0,0,1074,62,574,194,9.8,0
Issaquah,Washington,98027,0,1,44,0,0,5,0,0,0,35,57,23,59,84,54,6,2,190,0,0,0,5,4,0,0,85,2,4,0,0,0,0,67,7,44,1,8.0,0
,Washington,98087,2,1,6,0,0,10,0,0,0,20,21,9,7,220,1,9,10,18,0,0,1,0,1,0,1,36,0,2,3,0,0,0,26,5,92,3,3.53,0
Seattle,Washington,98107-2319,5,237,91,0,0,383,0,0,0,104,1658,0,3,157,38,4961,1050,765,8,3,2,0,2,18,7,84,5,9,0,0,0,0,331,566,81,69,15.9,0
Woodinville,Washington,98072-9800,0,17,25,0,0,0,0,0,0,23,589,0,0,27,1822,70,0,14,0,0,0,0,0,0,18,6,17,0,0,0,0,0,445,5,119,0,6.2,0
Issaquah,Washington,98027,0,0,1,0,0,5,0,0,0,16,370,0,34000,7,0,0,0,7,0,0,0,3,0,0,0,66,0,87,0,0,0,0,88,0,0,3,-33498.0,0
Issaquah,Washington,98027,0,0,19,0,0,1,0,3,0,8,2,4,23,24,3,1,0,43,0,0,0,1,0,0,0,13,0,3,0,0,0,0,12,1,13,0,-58.0,0
Issaquah,Washington,98027-5607,0,6,31,0,0,6,0,0,0,29,33,8,17,13,9,3,0,64,0,0,1,8,2,0,0,20,3,1,0,0,0,0,22,2,5,1,-369.0,0
Issaquah,Washington,98027-5609,8,28,440,1,0,5,0,0,0,6,120,39,14,170,6,58,23,390,1,1,5,1,0,0,3,62,8,8,1,0,0,0,170,4,1600,29,-2904.0,0
Appletom,Wisconsin,54913,0,6,9,13,429,28,11,0,0,26,201,18,28,230,15,107,1061,0,0,0,615,2,14,0,40,25,17,14,6,1442,4,133,153,79,5,0,16.3,0
White Lake,Wisconsin,54491,0,5,12,19,106,13,12,0,0,201,762,3,54,218,2,47,83,0,0,0,4,0,5,2,10,61,36,70,0,2362,11,388,1004,24,25,0,9.1,0
,Wisconsin,53142,24,133,1,0,0,17,0,0,0,925,7,7,2,16,11,1339,31,162,6,394,0,2,20,4,2,7,54,6,0,0,0,0,231,15,764,0,11.2,0
Milton,Wisconsin,53563,0,0,0,0,0,0,0,0,0,0,0,0,0,0,0,0,0,0,0,0,0,0,0,0,0,0,0,0,0,0,0,0,0,0,0,0,4567890.0,0
River Falls,Wisconsin,54022-5604,1,1,3,0,0,0,0,0,0,10,0,4,0,0,0,419,0,0,0,0,0,0,0,4,0,4,0,0,0,0,0,0,0,0,0,0,26.0,0
Greenfield,Wisconsin,53221,0,1,30,29,0,14,4,0,0,99,230,2,36,36,170,180,19,36,0,0,3,0,5,1,1,58,11,28,1,0,0,0,130,1,510,0,10.82,0
Shorewood,Wisconsin,53211,11,16,170,6,0,54,3,220,5,1500,1600,3,320,4200,4,31,88,120,1,0,37,9,8,0,6,1700,83,1200,4,0,0,0,990,10,81,0,19.05,0
Waukesha,Wisconsin,53189-7102,5,16,311,27,0,2,9,0,0,63,3072,22,48,288,26,137,40,136,0,0,4,6,6,0,41,38,38,251,36,0,0,0,5312,38,597,0,10.6,0
Laramie,Wyoming,82072,3,7,149,0,70,0,0,0,0,0,4629,0,15,523,0,149,0,8,3,0,15,9,4,2,11,17,76,151,0,3557,17,14123,2974,33,20,2,2.2,0
Gillette,Wyoming,82718,0,3,82,0,505,4,0,0,102,950,2065,35,0,2162,12,136,11,371,0,0,3,413,466,9,7,23,10,78,0,1101,6,5867,409,1431,384,7,14.9,0
